Scenario,Algorithm,Grid,Uncovered%,Win,Flagged%
"(16, 16, 10)",Abel 16x16 2000 10k,1,94.53125,0,-
"(16, 16, 10)",Abel 16x16 750 100k,1,86.71875,0,-
"(16, 16, 10)",Abel 4x4 100k 100,1,87.890625,0,-
"(16, 16, 10)",Abel 8x8 10k 1000,1,96.09375,1,-
"(16, 16, 10)",Kane + MCTS,1,96.09375,1,3.90625
"(16, 16, 10)",Abel 16x16 2000 10k,2,94.140625,0,-
"(16, 16, 10)",Abel 16x16 750 100k,2,93.359375,0,-
"(16, 16, 10)",Abel 4x4 100k 100,2,90.234375,0,-
"(16, 16, 10)",Abel 8x8 10k 1000,2,94.921875,0,-
"(16, 16, 10)",Kane + MCTS,2,96.09375,1,3.90625
"(16, 16, 10)",Abel 16x16 2000 10k,3,92.578125,0,-
"(16, 16, 10)",Abel 16x16 750 100k,3,94.53125,0,-
"(16, 16, 10)",Abel 4x4 100k 100,3,89.453125,0,-
"(16, 16, 10)",Abel 8x8 10k 1000,3,93.359375,0,-
"(16, 16, 10)",Kane + MCTS,3,96.09375,1,3.90625
"(16, 16, 10)",Abel 16x16 2000 10k,4,89.84375,0,-
"(16, 16, 10)",Abel 16x16 750 100k,4,95.703125,0,-
"(16, 16, 10)",Abel 4x4 100k 100,4,0.390625,0,-
"(16, 16, 10)",Abel 8x8 10k 1000,4,93.359375,0,-
"(16, 16, 10)",Kane + MCTS,4,96.09375,1,3.90625
"(16, 16, 10)",Abel 16x16 2000 10k,5,92.96875,0,-
"(16, 16, 10)",Abel 16x16 750 100k,5,93.75,0,-
"(16, 16, 10)",Abel 4x4 100k 100,5,95.3125,0,-
"(16, 16, 10)",Abel 8x8 10k 1000,5,93.359375,0,-
"(16, 16, 10)",Kane + MCTS,5,0.390625,0,0.0
"(16, 16, 10)",Abel 16x16 2000 10k,6,0.78125,0,-
"(16, 16, 10)",Abel 16x16 750 100k,6,95.703125,0,-
"(16, 16, 10)",Abel 4x4 100k 100,6,95.3125,0,-
"(16, 16, 10)",Abel 8x8 10k 1000,6,95.703125,0,-
"(16, 16, 10)",Kane + MCTS,6,96.09375,1,3.90625
"(16, 16, 10)",Abel 16x16 2000 10k,7,94.53125,0,-
"(16, 16, 10)",Abel 16x16 750 100k,7,94.921875,0,-
"(16, 16, 10)",Abel 4x4 100k 100,7,95.3125,0,-
"(16, 16, 10)",Abel 8x8 10k 1000,7,92.1875,0,-
"(16, 16, 10)",Kane + MCTS,7,96.09375,1,3.90625
"(16, 16, 10)",Abel 16x16 2000 10k,8,95.703125,0,-
"(16, 16, 10)",Abel 16x16 750 100k,8,92.96875,0,-
"(16, 16, 10)",Abel 4x4 100k 100,8,93.359375,0,-
"(16, 16, 10)",Abel 8x8 10k 1000,8,95.703125,0,-
"(16, 16, 10)",Kane + MCTS,8,96.09375,1,3.90625
"(16, 16, 10)",Abel 16x16 2000 10k,9,95.3125,0,-
"(16, 16, 10)",Abel 16x16 750 100k,9,95.703125,0,-
"(16, 16, 10)",Abel 4x4 100k 100,9,93.75,0,-
"(16, 16, 10)",Abel 8x8 10k 1000,9,94.921875,0,-
"(16, 16, 10)",Kane + MCTS,9,0.78125,0,0.0
"(16, 16, 10)",Abel 16x16 2000 10k,10,94.921875,0,-
"(16, 16, 10)",Abel 16x16 750 100k,10,95.3125,0,-
"(16, 16, 10)",Abel 4x4 100k 100,10,92.1875,0,-
"(16, 16, 10)",Abel 8x8 10k 1000,10,95.703125,0,-
"(16, 16, 10)",Kane + MCTS,10,96.09375,1,3.90625
"(16, 16, 10)",Abel 16x16 2000 10k,11,94.53125,0,-
"(16, 16, 10)",Abel 16x16 750 100k,11,95.3125,0,-
"(16, 16, 10)",Abel 4x4 100k 100,11,88.28125,0,-
"(16, 16, 10)",Abel 8x8 10k 1000,11,0.78125,0,-
"(16, 16, 10)",Kane + MCTS,11,3.515625,0,0.0
"(16, 16, 10)",Abel 16x16 2000 10k,12,93.75,0,-
"(16, 16, 10)",Abel 16x16 750 100k,12,94.53125,0,-
"(16, 16, 10)",Abel 4x4 100k 100,12,96.09375,1,-
"(16, 16, 10)",Abel 8x8 10k 1000,12,95.3125,0,-
"(16, 16, 10)",Kane + MCTS,12,96.09375,1,3.90625
"(16, 16, 10)",Abel 16x16 2000 10k,13,90.625,0,-
"(16, 16, 10)",Abel 16x16 750 100k,13,95.3125,0,-
"(16, 16, 10)",Abel 4x4 100k 100,13,94.53125,0,-
"(16, 16, 10)",Abel 8x8 10k 1000,13,93.75,0,-
"(16, 16, 10)",Kane + MCTS,13,96.09375,1,3.90625
"(16, 16, 10)",Abel 16x16 2000 10k,14,94.921875,0,-
"(16, 16, 10)",Abel 16x16 750 100k,14,93.75,0,-
"(16, 16, 10)",Abel 4x4 100k 100,14,94.921875,0,-
"(16, 16, 10)",Abel 8x8 10k 1000,14,91.015625,0,-
"(16, 16, 10)",Kane + MCTS,14,96.09375,1,3.90625
"(16, 16, 10)",Abel 16x16 2000 10k,15,92.1875,0,-
"(16, 16, 10)",Abel 16x16 750 100k,15,94.53125,0,-
"(16, 16, 10)",Abel 4x4 100k 100,15,94.921875,0,-
"(16, 16, 10)",Abel 8x8 10k 1000,15,92.578125,0,-
"(16, 16, 10)",Kane + MCTS,15,1.953125,0,0.0
"(16, 16, 10)",Abel 16x16 2000 10k,16,95.3125,0,-
"(16, 16, 10)",Abel 16x16 750 100k,16,95.703125,0,-
"(16, 16, 10)",Abel 4x4 100k 100,16,95.703125,0,-
"(16, 16, 10)",Abel 8x8 10k 1000,16,96.09375,1,-
"(16, 16, 10)",Kane + MCTS,16,96.09375,1,3.90625
"(16, 16, 10)",Abel 16x16 2000 10k,17,93.75,0,-
"(16, 16, 10)",Abel 16x16 750 100k,17,93.75,0,-
"(16, 16, 10)",Abel 4x4 100k 100,17,93.359375,0,-
"(16, 16, 10)",Abel 8x8 10k 1000,17,95.703125,0,-
"(16, 16, 10)",Kane + MCTS,17,96.09375,1,3.90625
"(16, 16, 10)",Abel 16x16 2000 10k,18,95.3125,0,-
"(16, 16, 10)",Abel 16x16 750 100k,18,92.578125,0,-
"(16, 16, 10)",Abel 4x4 100k 100,18,89.453125,0,-
"(16, 16, 10)",Abel 8x8 10k 1000,18,93.75,0,-
"(16, 16, 10)",Kane + MCTS,18,96.09375,1,3.90625
"(16, 16, 10)",Abel 16x16 2000 10k,19,0.390625,0,-
"(16, 16, 10)",Abel 16x16 750 100k,19,96.09375,1,-
"(16, 16, 10)",Abel 4x4 100k 100,19,95.703125,0,-
"(16, 16, 10)",Abel 8x8 10k 1000,19,90.625,0,-
"(16, 16, 10)",Kane + MCTS,19,96.09375,1,3.90625
"(16, 16, 10)",Abel 16x16 2000 10k,20,93.75,0,-
"(16, 16, 10)",Abel 16x16 750 100k,20,0.78125,0,-
"(16, 16, 10)",Abel 4x4 100k 100,20,94.921875,0,-
"(16, 16, 10)",Abel 8x8 10k 1000,20,94.53125,0,-
"(16, 16, 10)",Kane + MCTS,20,96.09375,1,3.90625
"(16, 16, 100)",Abel 16x16 2000 10k,1,1.5625,0,-
"(16, 16, 100)",Abel 16x16 750 100k,1,0.78125,0,-
"(16, 16, 100)",Abel 4x4 100k 100,1,5.078125,0,-
"(16, 16, 100)",Abel 8x8 10k 1000,1,0.390625,0,-
"(16, 16, 100)",Kane + MCTS,1,0.390625,0,0.0
"(16, 16, 100)",Abel 16x16 2000 10k,2,2.34375,0,-
"(16, 16, 100)",Abel 16x16 750 100k,2,0.78125,0,-
"(16, 16, 100)",Abel 4x4 100k 100,2,1.171875,0,-
"(16, 16, 100)",Abel 8x8 10k 1000,2,0.390625,0,-
"(16, 16, 100)",Kane + MCTS,2,0.390625,0,0.0
"(16, 16, 100)",Abel 16x16 2000 10k,3,1.5625,0,-
"(16, 16, 100)",Abel 16x16 750 100k,3,1.171875,0,-
"(16, 16, 100)",Abel 4x4 100k 100,3,5.46875,0,-
"(16, 16, 100)",Abel 8x8 10k 1000,3,0.78125,0,-
"(16, 16, 100)",Kane + MCTS,3,1.5625,0,0.0
"(16, 16, 100)",Abel 16x16 2000 10k,4,1.171875,0,-
"(16, 16, 100)",Abel 16x16 750 100k,4,2.34375,0,-
"(16, 16, 100)",Abel 4x4 100k 100,4,0.78125,0,-
"(16, 16, 100)",Abel 8x8 10k 1000,4,0.390625,0,-
"(16, 16, 100)",Kane + MCTS,4,5.859375,0,0.0
"(16, 16, 100)",Abel 16x16 2000 10k,5,0.78125,0,-
"(16, 16, 100)",Abel 16x16 750 100k,5,0.78125,0,-
"(16, 16, 100)",Abel 4x4 100k 100,5,1.953125,0,-
"(16, 16, 100)",Abel 8x8 10k 1000,5,2.34375,0,-
"(16, 16, 100)",Kane + MCTS,5,0.390625,0,0.0
"(16, 16, 100)",Abel 16x16 2000 10k,6,0.390625,0,-
"(16, 16, 100)",Abel 16x16 750 100k,6,1.171875,0,-
"(16, 16, 100)",Abel 4x4 100k 100,6,7.421875,0,-
"(16, 16, 100)",Abel 8x8 10k 1000,6,1.171875,0,-
"(16, 16, 100)",Kane + MCTS,6,0.390625,0,0.0
"(16, 16, 100)",Abel 16x16 2000 10k,7,0.78125,0,-
"(16, 16, 100)",Abel 16x16 750 100k,7,1.171875,0,-
"(16, 16, 100)",Abel 4x4 100k 100,7,0.390625,0,-
"(16, 16, 100)",Abel 8x8 10k 1000,7,1.171875,0,-
"(16, 16, 100)",Kane + MCTS,7,1.5625,0,0.0
"(16, 16, 100)",Abel 16x16 2000 10k,8,0.78125,0,-
"(16, 16, 100)",Abel 16x16 750 100k,8,0.390625,0,-
"(16, 16, 100)",Abel 4x4 100k 100,8,0.78125,0,-
"(16, 16, 100)",Abel 8x8 10k 1000,8,2.34375,0,-
"(16, 16, 100)",Kane + MCTS,8,0.78125,0,0.0
"(16, 16, 100)",Abel 16x16 2000 10k,9,0.390625,0,-
"(16, 16, 100)",Abel 16x16 750 100k,9,0.78125,0,-
"(16, 16, 100)",Abel 4x4 100k 100,9,1.171875,0,-
"(16, 16, 100)",Abel 8x8 10k 1000,9,1.5625,0,-
"(16, 16, 100)",Kane + MCTS,9,1.953125,0,0.0
"(16, 16, 100)",Abel 16x16 2000 10k,10,0.78125,0,-
"(16, 16, 100)",Abel 16x16 750 100k,10,4.6875,0,-
"(16, 16, 100)",Abel 4x4 100k 100,10,2.734375,0,-
"(16, 16, 100)",Abel 8x8 10k 1000,10,0.78125,0,-
"(16, 16, 100)",Kane + MCTS,10,3.125,0,0.0
"(16, 16, 100)",Abel 16x16 2000 10k,11,6.25,0,-
"(16, 16, 100)",Abel 16x16 750 100k,11,1.953125,0,-
"(16, 16, 100)",Abel 4x4 100k 100,11,1.5625,0,-
"(16, 16, 100)",Abel 8x8 10k 1000,11,2.34375,0,-
"(16, 16, 100)",Kane + MCTS,11,0.390625,0,0.0
"(16, 16, 100)",Abel 16x16 2000 10k,12,0.78125,0,-
"(16, 16, 100)",Abel 16x16 750 100k,12,0.78125,0,-
"(16, 16, 100)",Abel 4x4 100k 100,12,0.390625,0,-
"(16, 16, 100)",Abel 8x8 10k 1000,12,1.5625,0,-
"(16, 16, 100)",Kane + MCTS,12,1.953125,0,0.0
"(16, 16, 100)",Abel 16x16 2000 10k,13,1.5625,0,-
"(16, 16, 100)",Abel 16x16 750 100k,13,2.734375,0,-
"(16, 16, 100)",Abel 4x4 100k 100,13,4.296875,0,-
"(16, 16, 100)",Abel 8x8 10k 1000,13,0.78125,0,-
"(16, 16, 100)",Kane + MCTS,13,1.953125,0,0.0
"(16, 16, 100)",Abel 16x16 2000 10k,14,0.78125,0,-
"(16, 16, 100)",Abel 16x16 750 100k,14,3.515625,0,-
"(16, 16, 100)",Abel 4x4 100k 100,14,2.734375,0,-
"(16, 16, 100)",Abel 8x8 10k 1000,14,1.5625,0,-
"(16, 16, 100)",Kane + MCTS,14,4.6875,0,0.0
"(16, 16, 100)",Abel 16x16 2000 10k,15,2.34375,0,-
"(16, 16, 100)",Abel 16x16 750 100k,15,0.390625,0,-
"(16, 16, 100)",Abel 4x4 100k 100,15,0.78125,0,-
"(16, 16, 100)",Abel 8x8 10k 1000,15,0.78125,0,-
"(16, 16, 100)",Kane + MCTS,15,0.78125,0,0.0
"(16, 16, 100)",Abel 16x16 2000 10k,16,0.390625,0,-
"(16, 16, 100)",Abel 16x16 750 100k,16,0.390625,0,-
"(16, 16, 100)",Abel 4x4 100k 100,16,0.390625,0,-
"(16, 16, 100)",Abel 8x8 10k 1000,16,1.5625,0,-
"(16, 16, 100)",Kane + MCTS,16,1.171875,0,0.0
"(16, 16, 100)",Abel 16x16 2000 10k,17,2.34375,0,-
"(16, 16, 100)",Abel 16x16 750 100k,17,1.171875,0,-
"(16, 16, 100)",Abel 4x4 100k 100,17,3.90625,0,-
"(16, 16, 100)",Abel 8x8 10k 1000,17,3.515625,0,-
"(16, 16, 100)",Kane + MCTS,17,7.03125,0,0.0
"(16, 16, 100)",Abel 16x16 2000 10k,18,2.734375,0,-
"(16, 16, 100)",Abel 16x16 750 100k,18,3.90625,0,-
"(16, 16, 100)",Abel 4x4 100k 100,18,1.953125,0,-
"(16, 16, 100)",Abel 8x8 10k 1000,18,2.734375,0,-
"(16, 16, 100)",Kane + MCTS,18,1.171875,0,0.0
"(16, 16, 100)",Abel 16x16 2000 10k,19,3.125,0,-
"(16, 16, 100)",Abel 16x16 750 100k,19,2.34375,0,-
"(16, 16, 100)",Abel 4x4 100k 100,19,1.171875,0,-
"(16, 16, 100)",Abel 8x8 10k 1000,19,0.390625,0,-
"(16, 16, 100)",Kane + MCTS,19,0.390625,0,0.0
"(16, 16, 100)",Abel 16x16 2000 10k,20,4.6875,0,-
"(16, 16, 100)",Abel 16x16 750 100k,20,1.171875,0,-
"(16, 16, 100)",Abel 4x4 100k 100,20,1.953125,0,-
"(16, 16, 100)",Abel 8x8 10k 1000,20,0.390625,0,-
"(16, 16, 100)",Kane + MCTS,20,8.59375,0,1.953125
"(16, 16, 40)",Abel 16x16 2000 10k,1,23.828125,0,-
"(16, 16, 40)",Abel 16x16 750 100k,1,16.40625,0,-
"(16, 16, 40)",Abel 4x4 100k 100,1,1.5625,0,-
"(16, 16, 40)",Abel 8x8 10k 1000,1,1.5625,0,-
"(16, 16, 40)",Kane + MCTS,1,1.171875,0,0.0
"(16, 16, 40)",Abel 16x16 2000 10k,2,2.34375,0,-
"(16, 16, 40)",Abel 16x16 750 100k,2,1.5625,0,-
"(16, 16, 40)",Abel 4x4 100k 100,2,18.359375,0,-
"(16, 16, 40)",Abel 8x8 10k 1000,2,0.390625,0,-
"(16, 16, 40)",Kane + MCTS,2,0.390625,0,0.0
"(16, 16, 40)",Abel 16x16 2000 10k,3,6.640625,0,-
"(16, 16, 40)",Abel 16x16 750 100k,3,14.0625,0,-
"(16, 16, 40)",Abel 4x4 100k 100,3,1.953125,0,-
"(16, 16, 40)",Abel 8x8 10k 1000,3,0.390625,0,-
"(16, 16, 40)",Kane + MCTS,3,2.734375,0,0.0
"(16, 16, 40)",Abel 16x16 2000 10k,4,3.515625,0,-
"(16, 16, 40)",Abel 16x16 750 100k,4,2.34375,0,-
"(16, 16, 40)",Abel 4x4 100k 100,4,1.171875,0,-
"(16, 16, 40)",Abel 8x8 10k 1000,4,0.78125,0,-
"(16, 16, 40)",Kane + MCTS,4,84.375,1,15.625
"(16, 16, 40)",Abel 16x16 2000 10k,5,16.015625,0,-
"(16, 16, 40)",Abel 16x16 750 100k,5,2.34375,0,-
"(16, 16, 40)",Abel 4x4 100k 100,5,0.390625,0,-
"(16, 16, 40)",Abel 8x8 10k 1000,5,3.125,0,-
"(16, 16, 40)",Kane + MCTS,5,84.375,1,15.234375
"(16, 16, 40)",Abel 16x16 2000 10k,6,10.9375,0,-
"(16, 16, 40)",Abel 16x16 750 100k,6,0.390625,0,-
"(16, 16, 40)",Abel 4x4 100k 100,6,14.84375,0,-
"(16, 16, 40)",Abel 8x8 10k 1000,6,0.390625,0,-
"(16, 16, 40)",Kane + MCTS,6,1.5625,0,0.0
"(16, 16, 40)",Abel 16x16 2000 10k,7,4.6875,0,-
"(16, 16, 40)",Abel 16x16 750 100k,7,1.171875,0,-
"(16, 16, 40)",Abel 4x4 100k 100,7,1.171875,0,-
"(16, 16, 40)",Abel 8x8 10k 1000,7,1.171875,0,-
"(16, 16, 40)",Kane + MCTS,7,84.375,1,15.625
"(16, 16, 40)",Abel 16x16 2000 10k,8,10.15625,0,-
"(16, 16, 40)",Abel 16x16 750 100k,8,0.78125,0,-
"(16, 16, 40)",Abel 4x4 100k 100,8,12.109375,0,-
"(16, 16, 40)",Abel 8x8 10k 1000,8,0.78125,0,-
"(16, 16, 40)",Kane + MCTS,8,3.125,0,0.0
"(16, 16, 40)",Abel 16x16 2000 10k,9,1.171875,0,-
"(16, 16, 40)",Abel 16x16 750 100k,9,0.390625,0,-
"(16, 16, 40)",Abel 4x4 100k 100,9,0.78125,0,-
"(16, 16, 40)",Abel 8x8 10k 1000,9,12.890625,0,-
"(16, 16, 40)",Kane + MCTS,9,6.640625,0,0.0
"(16, 16, 40)",Abel 16x16 2000 10k,10,0.390625,0,-
"(16, 16, 40)",Abel 16x16 750 100k,10,5.078125,0,-
"(16, 16, 40)",Abel 4x4 100k 100,10,1.5625,0,-
"(16, 16, 40)",Abel 8x8 10k 1000,10,0.390625,0,-
"(16, 16, 40)",Kane + MCTS,10,84.375,1,15.625
"(16, 16, 40)",Abel 16x16 2000 10k,11,0.390625,0,-
"(16, 16, 40)",Abel 16x16 750 100k,11,10.9375,0,-
"(16, 16, 40)",Abel 4x4 100k 100,11,2.34375,0,-
"(16, 16, 40)",Abel 8x8 10k 1000,11,19.921875,0,-
"(16, 16, 40)",Kane + MCTS,11,0.390625,0,0.0
"(16, 16, 40)",Abel 16x16 2000 10k,12,17.96875,0,-
"(16, 16, 40)",Abel 16x16 750 100k,12,2.734375,0,-
"(16, 16, 40)",Abel 4x4 100k 100,12,23.4375,0,-
"(16, 16, 40)",Abel 8x8 10k 1000,12,1.953125,0,-
"(16, 16, 40)",Kane + MCTS,12,84.375,1,15.625
"(16, 16, 40)",Abel 16x16 2000 10k,13,25.78125,0,-
"(16, 16, 40)",Abel 16x16 750 100k,13,2.34375,0,-
"(16, 16, 40)",Abel 4x4 100k 100,13,32.03125,0,-
"(16, 16, 40)",Abel 8x8 10k 1000,13,0.390625,0,-
"(16, 16, 40)",Kane + MCTS,13,3.125,0,0.0
"(16, 16, 40)",Abel 16x16 2000 10k,14,14.84375,0,-
"(16, 16, 40)",Abel 16x16 750 100k,14,2.34375,0,-
"(16, 16, 40)",Abel 4x4 100k 100,14,4.6875,0,-
"(16, 16, 40)",Abel 8x8 10k 1000,14,17.1875,0,-
"(16, 16, 40)",Kane + MCTS,14,1.5625,0,0.0
"(16, 16, 40)",Abel 16x16 2000 10k,15,10.546875,0,-
"(16, 16, 40)",Abel 16x16 750 100k,15,0.78125,0,-
"(16, 16, 40)",Abel 4x4 100k 100,15,1.5625,0,-
"(16, 16, 40)",Abel 8x8 10k 1000,15,2.734375,0,-
"(16, 16, 40)",Kane + MCTS,15,84.375,1,15.625
"(16, 16, 40)",Abel 16x16 2000 10k,16,7.8125,0,-
"(16, 16, 40)",Abel 16x16 750 100k,16,1.953125,0,-
"(16, 16, 40)",Abel 4x4 100k 100,16,0.78125,0,-
"(16, 16, 40)",Abel 8x8 10k 1000,16,0.78125,0,-
"(16, 16, 40)",Kane + MCTS,16,0.390625,0,0.0
"(16, 16, 40)",Abel 16x16 2000 10k,17,3.515625,0,-
"(16, 16, 40)",Abel 16x16 750 100k,17,15.234375,0,-
"(16, 16, 40)",Abel 4x4 100k 100,17,33.984375,0,-
"(16, 16, 40)",Abel 8x8 10k 1000,17,1.171875,0,-
"(16, 16, 40)",Kane + MCTS,17,84.375,1,15.625
"(16, 16, 40)",Abel 16x16 2000 10k,18,2.734375,0,-
"(16, 16, 40)",Abel 16x16 750 100k,18,1.171875,0,-
"(16, 16, 40)",Abel 4x4 100k 100,18,14.453125,0,-
"(16, 16, 40)",Abel 8x8 10k 1000,18,2.734375,0,-
"(16, 16, 40)",Kane + MCTS,18,84.375,1,15.625
"(16, 16, 40)",Abel 16x16 2000 10k,19,0.78125,0,-
"(16, 16, 40)",Abel 16x16 750 100k,19,5.46875,0,-
"(16, 16, 40)",Abel 4x4 100k 100,19,1.171875,0,-
"(16, 16, 40)",Abel 8x8 10k 1000,19,1.5625,0,-
"(16, 16, 40)",Kane + MCTS,19,1.171875,0,0.0
"(16, 16, 40)",Abel 16x16 2000 10k,20,5.859375,0,-
"(16, 16, 40)",Abel 16x16 750 100k,20,0.390625,0,-
"(16, 16, 40)",Abel 4x4 100k 100,20,6.640625,0,-
"(16, 16, 40)",Abel 8x8 10k 1000,20,0.390625,0,-
"(16, 16, 40)",Kane + MCTS,20,3.515625,0,0.0
"(16, 30, 150)",Abel 16x16 2000 10k,1,1.25,0,-
"(16, 30, 150)",Abel 16x16 750 100k,1,3.75,0,-
"(16, 30, 150)",Abel 4x4 100k 100,1,0.4166666666666667,0,-
"(16, 30, 150)",Abel 8x8 10k 1000,1,1.4583333333333333,0,-
"(16, 30, 150)",Kane + MCTS,1,0.2083333333333333,0,0.0
"(16, 30, 150)",Abel 16x16 2000 10k,2,1.25,0,-
"(16, 30, 150)",Abel 16x16 750 100k,2,1.0416666666666663,0,-
"(16, 30, 150)",Abel 4x4 100k 100,2,1.0416666666666663,0,-
"(16, 30, 150)",Abel 8x8 10k 1000,2,3.958333333333333,0,-
"(16, 30, 150)",Kane + MCTS,2,1.875,0,0.0
"(16, 30, 150)",Abel 16x16 2000 10k,3,3.125,0,-
"(16, 30, 150)",Abel 16x16 750 100k,3,1.0416666666666663,0,-
"(16, 30, 150)",Abel 4x4 100k 100,3,0.2083333333333333,0,-
"(16, 30, 150)",Abel 8x8 10k 1000,3,0.625,0,-
"(16, 30, 150)",Kane + MCTS,3,0.2083333333333333,0,0.0
"(16, 30, 150)",Abel 16x16 2000 10k,4,2.083333333333333,0,-
"(16, 30, 150)",Abel 16x16 750 100k,4,0.625,0,-
"(16, 30, 150)",Abel 4x4 100k 100,4,0.4166666666666667,0,-
"(16, 30, 150)",Abel 8x8 10k 1000,4,0.625,0,-
"(16, 30, 150)",Kane + MCTS,4,0.625,0,0.0
"(16, 30, 150)",Abel 16x16 2000 10k,5,0.2083333333333333,0,-
"(16, 30, 150)",Abel 16x16 750 100k,5,0.625,0,-
"(16, 30, 150)",Abel 4x4 100k 100,5,0.2083333333333333,0,-
"(16, 30, 150)",Abel 8x8 10k 1000,5,0.4166666666666667,0,-
"(16, 30, 150)",Kane + MCTS,5,1.6666666666666667,0,0.0
"(16, 30, 150)",Abel 16x16 2000 10k,6,1.875,0,-
"(16, 30, 150)",Abel 16x16 750 100k,6,0.4166666666666667,0,-
"(16, 30, 150)",Abel 4x4 100k 100,6,0.4166666666666667,0,-
"(16, 30, 150)",Abel 8x8 10k 1000,6,0.2083333333333333,0,-
"(16, 30, 150)",Kane + MCTS,6,0.4166666666666667,0,0.0
"(16, 30, 150)",Abel 16x16 2000 10k,7,1.25,0,-
"(16, 30, 150)",Abel 16x16 750 100k,7,2.083333333333333,0,-
"(16, 30, 150)",Abel 4x4 100k 100,7,2.9166666666666665,0,-
"(16, 30, 150)",Abel 8x8 10k 1000,7,1.25,0,-
"(16, 30, 150)",Kane + MCTS,7,0.2083333333333333,0,0.0
"(16, 30, 150)",Abel 16x16 2000 10k,8,0.2083333333333333,0,-
"(16, 30, 150)",Abel 16x16 750 100k,8,1.25,0,-
"(16, 30, 150)",Abel 4x4 100k 100,8,1.25,0,-
"(16, 30, 150)",Abel 8x8 10k 1000,8,0.4166666666666667,0,-
"(16, 30, 150)",Kane + MCTS,8,1.875,0,0.0
"(16, 30, 150)",Abel 16x16 2000 10k,9,0.625,0,-
"(16, 30, 150)",Abel 16x16 750 100k,9,0.625,0,-
"(16, 30, 150)",Abel 4x4 100k 100,9,0.8333333333333334,0,-
"(16, 30, 150)",Abel 8x8 10k 1000,9,1.25,0,-
"(16, 30, 150)",Kane + MCTS,9,0.8333333333333334,0,0.0
"(16, 30, 150)",Abel 16x16 2000 10k,10,0.2083333333333333,0,-
"(16, 30, 150)",Abel 16x16 750 100k,10,2.9166666666666665,0,-
"(16, 30, 150)",Abel 4x4 100k 100,10,2.083333333333333,0,-
"(16, 30, 150)",Abel 8x8 10k 1000,10,1.0416666666666663,0,-
"(16, 30, 150)",Kane + MCTS,10,0.2083333333333333,0,0.0
"(16, 30, 150)",Abel 16x16 2000 10k,11,1.25,0,-
"(16, 30, 150)",Abel 16x16 750 100k,11,2.5,0,-
"(16, 30, 150)",Abel 4x4 100k 100,11,0.4166666666666667,0,-
"(16, 30, 150)",Abel 8x8 10k 1000,11,0.8333333333333334,0,-
"(16, 30, 150)",Kane + MCTS,11,2.708333333333333,0,0.0
"(16, 30, 150)",Abel 16x16 2000 10k,12,1.4583333333333333,0,-
"(16, 30, 150)",Abel 16x16 750 100k,12,0.8333333333333334,0,-
"(16, 30, 150)",Abel 4x4 100k 100,12,0.2083333333333333,0,-
"(16, 30, 150)",Abel 8x8 10k 1000,12,0.2083333333333333,0,-
"(16, 30, 150)",Kane + MCTS,12,0.4166666666666667,0,0.0
"(16, 30, 150)",Abel 16x16 2000 10k,13,0.8333333333333334,0,-
"(16, 30, 150)",Abel 16x16 750 100k,13,1.25,0,-
"(16, 30, 150)",Abel 4x4 100k 100,13,1.0416666666666663,0,-
"(16, 30, 150)",Abel 8x8 10k 1000,13,1.25,0,-
"(16, 30, 150)",Kane + MCTS,13,0.4166666666666667,0,0.0
"(16, 30, 150)",Abel 16x16 2000 10k,14,0.4166666666666667,0,-
"(16, 30, 150)",Abel 16x16 750 100k,14,2.708333333333333,0,-
"(16, 30, 150)",Abel 4x4 100k 100,14,1.0416666666666663,0,-
"(16, 30, 150)",Abel 8x8 10k 1000,14,0.2083333333333333,0,-
"(16, 30, 150)",Kane + MCTS,14,0.625,0,0.0
"(16, 30, 150)",Abel 16x16 2000 10k,15,0.8333333333333334,0,-
"(16, 30, 150)",Abel 16x16 750 100k,15,0.4166666666666667,0,-
"(16, 30, 150)",Abel 4x4 100k 100,15,1.6666666666666667,0,-
"(16, 30, 150)",Abel 8x8 10k 1000,15,3.958333333333333,0,-
"(16, 30, 150)",Kane + MCTS,15,1.25,0,0.0
"(16, 30, 150)",Abel 16x16 2000 10k,16,2.083333333333333,0,-
"(16, 30, 150)",Abel 16x16 750 100k,16,0.2083333333333333,0,-
"(16, 30, 150)",Abel 4x4 100k 100,16,0.625,0,-
"(16, 30, 150)",Abel 8x8 10k 1000,16,0.8333333333333334,0,-
"(16, 30, 150)",Kane + MCTS,16,0.625,0,0.0
"(16, 30, 150)",Abel 16x16 2000 10k,17,1.875,0,-
"(16, 30, 150)",Abel 16x16 750 100k,17,3.333333333333333,0,-
"(16, 30, 150)",Abel 4x4 100k 100,17,0.2083333333333333,0,-
"(16, 30, 150)",Abel 8x8 10k 1000,17,0.4166666666666667,0,-
"(16, 30, 150)",Kane + MCTS,17,2.083333333333333,0,0.0
"(16, 30, 150)",Abel 16x16 2000 10k,18,0.8333333333333334,0,-
"(16, 30, 150)",Abel 16x16 750 100k,18,1.0416666666666663,0,-
"(16, 30, 150)",Abel 4x4 100k 100,18,0.2083333333333333,0,-
"(16, 30, 150)",Abel 8x8 10k 1000,18,0.2083333333333333,0,-
"(16, 30, 150)",Kane + MCTS,18,1.25,0,0.0
"(16, 30, 150)",Abel 16x16 2000 10k,19,0.625,0,-
"(16, 30, 150)",Abel 16x16 750 100k,19,0.8333333333333334,0,-
"(16, 30, 150)",Abel 4x4 100k 100,19,0.4166666666666667,0,-
"(16, 30, 150)",Abel 8x8 10k 1000,19,0.4166666666666667,0,-
"(16, 30, 150)",Kane + MCTS,19,1.0416666666666663,0,0.0
"(16, 30, 150)",Abel 16x16 2000 10k,20,2.2916666666666665,0,-
"(16, 30, 150)",Abel 16x16 750 100k,20,0.625,0,-
"(16, 30, 150)",Abel 4x4 100k 100,20,0.625,0,-
"(16, 30, 150)",Abel 8x8 10k 1000,20,0.8333333333333334,0,-
"(16, 30, 150)",Kane + MCTS,20,0.2083333333333333,0,0.0
"(16, 30, 20)",Abel 16x16 2000 10k,1,94.58333333333331,0,-
"(16, 30, 20)",Abel 16x16 750 100k,1,94.58333333333331,0,-
"(16, 30, 20)",Abel 4x4 100k 100,1,91.66666666666666,0,-
"(16, 30, 20)",Abel 8x8 10k 1000,1,93.54166666666669,0,-
"(16, 30, 20)",Kane + MCTS,1,95.83333333333334,1,4.166666666666666
"(16, 30, 20)",Abel 16x16 2000 10k,2,92.29166666666669,0,-
"(16, 30, 20)",Abel 16x16 750 100k,2,92.91666666666669,0,-
"(16, 30, 20)",Abel 4x4 100k 100,2,90.625,0,-
"(16, 30, 20)",Abel 8x8 10k 1000,2,94.16666666666669,0,-
"(16, 30, 20)",Kane + MCTS,2,95.83333333333334,1,4.166666666666666
"(16, 30, 20)",Abel 16x16 2000 10k,3,90.83333333333331,0,-
"(16, 30, 20)",Abel 16x16 750 100k,3,94.375,0,-
"(16, 30, 20)",Abel 4x4 100k 100,3,95.41666666666669,0,-
"(16, 30, 20)",Abel 8x8 10k 1000,3,94.16666666666669,0,-
"(16, 30, 20)",Kane + MCTS,3,95.83333333333334,1,4.166666666666666
"(16, 30, 20)",Abel 16x16 2000 10k,4,89.79166666666667,0,-
"(16, 30, 20)",Abel 16x16 750 100k,4,0.2083333333333333,0,-
"(16, 30, 20)",Abel 4x4 100k 100,4,93.75,0,-
"(16, 30, 20)",Abel 8x8 10k 1000,4,94.375,0,-
"(16, 30, 20)",Kane + MCTS,4,95.83333333333334,1,4.166666666666666
"(16, 30, 20)",Abel 16x16 2000 10k,5,94.16666666666669,0,-
"(16, 30, 20)",Abel 16x16 750 100k,5,0.2083333333333333,0,-
"(16, 30, 20)",Abel 4x4 100k 100,5,93.54166666666669,0,-
"(16, 30, 20)",Abel 8x8 10k 1000,5,91.45833333333331,0,-
"(16, 30, 20)",Kane + MCTS,5,95.83333333333334,1,4.166666666666666
"(16, 30, 20)",Abel 16x16 2000 10k,6,92.91666666666669,0,-
"(16, 30, 20)",Abel 16x16 750 100k,6,94.16666666666669,0,-
"(16, 30, 20)",Abel 4x4 100k 100,6,93.33333333333331,0,-
"(16, 30, 20)",Abel 8x8 10k 1000,6,93.125,0,-
"(16, 30, 20)",Kane + MCTS,6,0.4166666666666667,0,0.0
"(16, 30, 20)",Abel 16x16 2000 10k,7,90.20833333333331,0,-
"(16, 30, 20)",Abel 16x16 750 100k,7,89.58333333333334,0,-
"(16, 30, 20)",Abel 4x4 100k 100,7,93.125,0,-
"(16, 30, 20)",Abel 8x8 10k 1000,7,87.29166666666667,0,-
"(16, 30, 20)",Kane + MCTS,7,95.83333333333334,1,3.958333333333333
"(16, 30, 20)",Abel 16x16 2000 10k,8,0.4166666666666667,0,-
"(16, 30, 20)",Abel 16x16 750 100k,8,92.91666666666669,0,-
"(16, 30, 20)",Abel 4x4 100k 100,8,93.54166666666669,0,-
"(16, 30, 20)",Abel 8x8 10k 1000,8,0.2083333333333333,0,-
"(16, 30, 20)",Kane + MCTS,8,95.83333333333334,1,4.166666666666666
"(16, 30, 20)",Abel 16x16 2000 10k,9,93.54166666666669,0,-
"(16, 30, 20)",Abel 16x16 750 100k,9,93.75,0,-
"(16, 30, 20)",Abel 4x4 100k 100,9,93.95833333333331,0,-
"(16, 30, 20)",Abel 8x8 10k 1000,9,93.33333333333331,0,-
"(16, 30, 20)",Kane + MCTS,9,95.83333333333334,1,4.166666666666666
"(16, 30, 20)",Abel 16x16 2000 10k,10,93.33333333333331,0,-
"(16, 30, 20)",Abel 16x16 750 100k,10,92.70833333333334,0,-
"(16, 30, 20)",Abel 4x4 100k 100,10,94.16666666666669,0,-
"(16, 30, 20)",Abel 8x8 10k 1000,10,94.16666666666669,0,-
"(16, 30, 20)",Kane + MCTS,10,95.83333333333334,1,4.166666666666666
"(16, 30, 20)",Abel 16x16 2000 10k,11,92.08333333333331,0,-
"(16, 30, 20)",Abel 16x16 750 100k,11,94.16666666666669,0,-
"(16, 30, 20)",Abel 4x4 100k 100,11,90.20833333333331,0,-
"(16, 30, 20)",Abel 8x8 10k 1000,11,94.79166666666666,0,-
"(16, 30, 20)",Kane + MCTS,11,95.83333333333334,1,4.166666666666666
"(16, 30, 20)",Abel 16x16 2000 10k,12,94.375,0,-
"(16, 30, 20)",Abel 16x16 750 100k,12,93.33333333333331,0,-
"(16, 30, 20)",Abel 4x4 100k 100,12,92.70833333333334,0,-
"(16, 30, 20)",Abel 8x8 10k 1000,12,92.5,0,-
"(16, 30, 20)",Kane + MCTS,12,95.83333333333334,1,4.166666666666666
"(16, 30, 20)",Abel 16x16 2000 10k,13,90.41666666666669,0,-
"(16, 30, 20)",Abel 16x16 750 100k,13,94.79166666666666,0,-
"(16, 30, 20)",Abel 4x4 100k 100,13,92.08333333333331,0,-
"(16, 30, 20)",Abel 8x8 10k 1000,13,90.20833333333331,0,-
"(16, 30, 20)",Kane + MCTS,13,95.83333333333334,1,4.166666666666666
"(16, 30, 20)",Abel 16x16 2000 10k,14,94.375,0,-
"(16, 30, 20)",Abel 16x16 750 100k,14,95.625,0,-
"(16, 30, 20)",Abel 4x4 100k 100,14,90.83333333333331,0,-
"(16, 30, 20)",Abel 8x8 10k 1000,14,93.54166666666669,0,-
"(16, 30, 20)",Kane + MCTS,14,95.83333333333334,1,4.166666666666666
"(16, 30, 20)",Abel 16x16 2000 10k,15,94.375,0,-
"(16, 30, 20)",Abel 16x16 750 100k,15,94.375,0,-
"(16, 30, 20)",Abel 4x4 100k 100,15,94.79166666666666,0,-
"(16, 30, 20)",Abel 8x8 10k 1000,15,93.33333333333331,0,-
"(16, 30, 20)",Kane + MCTS,15,95.83333333333334,1,4.166666666666666
"(16, 30, 20)",Abel 16x16 2000 10k,16,91.875,0,-
"(16, 30, 20)",Abel 16x16 750 100k,16,93.75,0,-
"(16, 30, 20)",Abel 4x4 100k 100,16,93.54166666666669,0,-
"(16, 30, 20)",Abel 8x8 10k 1000,16,94.79166666666666,0,-
"(16, 30, 20)",Kane + MCTS,16,95.83333333333334,1,4.166666666666666
"(16, 30, 20)",Abel 16x16 2000 10k,17,93.33333333333331,0,-
"(16, 30, 20)",Abel 16x16 750 100k,17,93.95833333333331,0,-
"(16, 30, 20)",Abel 4x4 100k 100,17,94.58333333333331,0,-
"(16, 30, 20)",Abel 8x8 10k 1000,17,0.4166666666666667,0,-
"(16, 30, 20)",Kane + MCTS,17,95.83333333333334,1,4.166666666666666
"(16, 30, 20)",Abel 16x16 2000 10k,18,94.375,0,-
"(16, 30, 20)",Abel 16x16 750 100k,18,94.375,0,-
"(16, 30, 20)",Abel 4x4 100k 100,18,92.08333333333331,0,-
"(16, 30, 20)",Abel 8x8 10k 1000,18,94.16666666666669,0,-
"(16, 30, 20)",Kane + MCTS,18,95.83333333333334,1,4.166666666666666
"(16, 30, 20)",Abel 16x16 2000 10k,19,93.54166666666669,0,-
"(16, 30, 20)",Abel 16x16 750 100k,19,93.54166666666669,0,-
"(16, 30, 20)",Abel 4x4 100k 100,19,94.16666666666669,0,-
"(16, 30, 20)",Abel 8x8 10k 1000,19,94.58333333333331,0,-
"(16, 30, 20)",Kane + MCTS,19,95.83333333333334,1,4.166666666666666
"(16, 30, 20)",Abel 16x16 2000 10k,20,91.25,0,-
"(16, 30, 20)",Abel 16x16 750 100k,20,94.16666666666669,0,-
"(16, 30, 20)",Abel 4x4 100k 100,20,93.125,0,-
"(16, 30, 20)",Abel 8x8 10k 1000,20,92.91666666666669,0,-
"(16, 30, 20)",Kane + MCTS,20,95.83333333333334,1,4.166666666666666
"(16, 30, 99)",Abel 16x16 2000 10k,1,1.6666666666666667,0,-
"(16, 30, 99)",Abel 16x16 750 100k,1,0.2083333333333333,0,-
"(16, 30, 99)",Abel 4x4 100k 100,1,1.4583333333333333,0,-
"(16, 30, 99)",Abel 8x8 10k 1000,1,0.625,0,-
"(16, 30, 99)",Kane + MCTS,1,0.8333333333333334,0,0.0
"(16, 30, 99)",Abel 16x16 2000 10k,2,0.8333333333333334,0,-
"(16, 30, 99)",Abel 16x16 750 100k,2,1.4583333333333333,0,-
"(16, 30, 99)",Abel 4x4 100k 100,2,2.2916666666666665,0,-
"(16, 30, 99)",Abel 8x8 10k 1000,2,0.625,0,-
"(16, 30, 99)",Kane + MCTS,2,0.4166666666666667,0,0.0
"(16, 30, 99)",Abel 16x16 2000 10k,3,4.583333333333333,0,-
"(16, 30, 99)",Abel 16x16 750 100k,3,0.4166666666666667,0,-
"(16, 30, 99)",Abel 4x4 100k 100,3,0.4166666666666667,0,-
"(16, 30, 99)",Abel 8x8 10k 1000,3,1.25,0,-
"(16, 30, 99)",Kane + MCTS,3,0.4166666666666667,0,0.0
"(16, 30, 99)",Abel 16x16 2000 10k,4,1.875,0,-
"(16, 30, 99)",Abel 16x16 750 100k,4,0.625,0,-
"(16, 30, 99)",Abel 4x4 100k 100,4,2.2916666666666665,0,-
"(16, 30, 99)",Abel 8x8 10k 1000,4,0.8333333333333334,0,-
"(16, 30, 99)",Kane + MCTS,4,2.083333333333333,0,0.0
"(16, 30, 99)",Abel 16x16 2000 10k,5,0.8333333333333334,0,-
"(16, 30, 99)",Abel 16x16 750 100k,5,2.083333333333333,0,-
"(16, 30, 99)",Abel 4x4 100k 100,5,0.2083333333333333,0,-
"(16, 30, 99)",Abel 8x8 10k 1000,5,2.708333333333333,0,-
"(16, 30, 99)",Kane + MCTS,5,0.2083333333333333,0,0.0
"(16, 30, 99)",Abel 16x16 2000 10k,6,0.625,0,-
"(16, 30, 99)",Abel 16x16 750 100k,6,0.4166666666666667,0,-
"(16, 30, 99)",Abel 4x4 100k 100,6,0.625,0,-
"(16, 30, 99)",Abel 8x8 10k 1000,6,0.625,0,-
"(16, 30, 99)",Kane + MCTS,6,0.8333333333333334,0,0.0
"(16, 30, 99)",Abel 16x16 2000 10k,7,0.625,0,-
"(16, 30, 99)",Abel 16x16 750 100k,7,1.875,0,-
"(16, 30, 99)",Abel 4x4 100k 100,7,0.2083333333333333,0,-
"(16, 30, 99)",Abel 8x8 10k 1000,7,1.4583333333333333,0,-
"(16, 30, 99)",Kane + MCTS,7,2.083333333333333,0,0.0
"(16, 30, 99)",Abel 16x16 2000 10k,8,0.8333333333333334,0,-
"(16, 30, 99)",Abel 16x16 750 100k,8,1.0416666666666663,0,-
"(16, 30, 99)",Abel 4x4 100k 100,8,0.8333333333333334,0,-
"(16, 30, 99)",Abel 8x8 10k 1000,8,2.5,0,-
"(16, 30, 99)",Kane + MCTS,8,0.2083333333333333,0,0.0
"(16, 30, 99)",Abel 16x16 2000 10k,9,1.0416666666666663,0,-
"(16, 30, 99)",Abel 16x16 750 100k,9,2.5,0,-
"(16, 30, 99)",Abel 4x4 100k 100,9,2.5,0,-
"(16, 30, 99)",Abel 8x8 10k 1000,9,0.8333333333333334,0,-
"(16, 30, 99)",Kane + MCTS,9,0.2083333333333333,0,0.0
"(16, 30, 99)",Abel 16x16 2000 10k,10,0.2083333333333333,0,-
"(16, 30, 99)",Abel 16x16 750 100k,10,0.2083333333333333,0,-
"(16, 30, 99)",Abel 4x4 100k 100,10,0.2083333333333333,0,-
"(16, 30, 99)",Abel 8x8 10k 1000,10,1.0416666666666663,0,-
"(16, 30, 99)",Kane + MCTS,10,1.4583333333333333,0,0.0
"(16, 30, 99)",Abel 16x16 2000 10k,11,0.4166666666666667,0,-
"(16, 30, 99)",Abel 16x16 750 100k,11,0.4166666666666667,0,-
"(16, 30, 99)",Abel 4x4 100k 100,11,1.25,0,-
"(16, 30, 99)",Abel 8x8 10k 1000,11,1.0416666666666663,0,-
"(16, 30, 99)",Kane + MCTS,11,0.4166666666666667,0,0.0
"(16, 30, 99)",Abel 16x16 2000 10k,12,0.2083333333333333,0,-
"(16, 30, 99)",Abel 16x16 750 100k,12,0.2083333333333333,0,-
"(16, 30, 99)",Abel 4x4 100k 100,12,0.4166666666666667,0,-
"(16, 30, 99)",Abel 8x8 10k 1000,12,1.25,0,-
"(16, 30, 99)",Kane + MCTS,12,3.333333333333333,0,0.0
"(16, 30, 99)",Abel 16x16 2000 10k,13,0.2083333333333333,0,-
"(16, 30, 99)",Abel 16x16 750 100k,13,1.6666666666666667,0,-
"(16, 30, 99)",Abel 4x4 100k 100,13,0.625,0,-
"(16, 30, 99)",Abel 8x8 10k 1000,13,0.2083333333333333,0,-
"(16, 30, 99)",Kane + MCTS,13,0.8333333333333334,0,0.0
"(16, 30, 99)",Abel 16x16 2000 10k,14,1.6666666666666667,0,-
"(16, 30, 99)",Abel 16x16 750 100k,14,0.2083333333333333,0,-
"(16, 30, 99)",Abel 4x4 100k 100,14,0.625,0,-
"(16, 30, 99)",Abel 8x8 10k 1000,14,2.708333333333333,0,-
"(16, 30, 99)",Kane + MCTS,14,0.4166666666666667,0,0.0
"(16, 30, 99)",Abel 16x16 2000 10k,15,1.0416666666666663,0,-
"(16, 30, 99)",Abel 16x16 750 100k,15,2.2916666666666665,0,-
"(16, 30, 99)",Abel 4x4 100k 100,15,0.4166666666666667,0,-
"(16, 30, 99)",Abel 8x8 10k 1000,15,0.2083333333333333,0,-
"(16, 30, 99)",Kane + MCTS,15,0.4166666666666667,0,0.0
"(16, 30, 99)",Abel 16x16 2000 10k,16,0.8333333333333334,0,-
"(16, 30, 99)",Abel 16x16 750 100k,16,2.2916666666666665,0,-
"(16, 30, 99)",Abel 4x4 100k 100,16,1.0416666666666663,0,-
"(16, 30, 99)",Abel 8x8 10k 1000,16,1.0416666666666663,0,-
"(16, 30, 99)",Kane + MCTS,16,0.625,0,0.0
"(16, 30, 99)",Abel 16x16 2000 10k,17,2.9166666666666665,0,-
"(16, 30, 99)",Abel 16x16 750 100k,17,0.8333333333333334,0,-
"(16, 30, 99)",Abel 4x4 100k 100,17,0.4166666666666667,0,-
"(16, 30, 99)",Abel 8x8 10k 1000,17,0.2083333333333333,0,-
"(16, 30, 99)",Kane + MCTS,17,5.833333333333333,0,1.25
"(16, 30, 99)",Abel 16x16 2000 10k,18,1.6666666666666667,0,-
"(16, 30, 99)",Abel 16x16 750 100k,18,0.8333333333333334,0,-
"(16, 30, 99)",Abel 4x4 100k 100,18,4.166666666666666,0,-
"(16, 30, 99)",Abel 8x8 10k 1000,18,3.5416666666666665,0,-
"(16, 30, 99)",Kane + MCTS,18,0.4166666666666667,0,0.0
"(16, 30, 99)",Abel 16x16 2000 10k,19,1.0416666666666663,0,-
"(16, 30, 99)",Abel 16x16 750 100k,19,0.4166666666666667,0,-
"(16, 30, 99)",Abel 4x4 100k 100,19,0.2083333333333333,0,-
"(16, 30, 99)",Abel 8x8 10k 1000,19,0.2083333333333333,0,-
"(16, 30, 99)",Kane + MCTS,19,1.4583333333333333,0,0.0
"(16, 30, 99)",Abel 16x16 2000 10k,20,1.0416666666666663,0,-
"(16, 30, 99)",Abel 16x16 750 100k,20,0.2083333333333333,0,-
"(16, 30, 99)",Abel 4x4 100k 100,20,0.2083333333333333,0,-
"(16, 30, 99)",Abel 8x8 10k 1000,20,0.8333333333333334,0,-
"(16, 30, 99)",Kane + MCTS,20,1.25,0,0.0
"(8, 8, 10)",Abel 16x16 2000 10k,1,3.125,0,-
"(8, 8, 10)",Abel 16x16 750 100k,1,1.5625,0,-
"(8, 8, 10)",Abel 4x4 100k 100,1,1.5625,0,-
"(8, 8, 10)",Abel 8x8 10k 1000,1,12.5,0,-
"(8, 8, 10)",Kane + MCTS,1,20.3125,0,0.0
"(8, 8, 10)",Abel 16x16 2000 10k,2,51.5625,0,-
"(8, 8, 10)",Abel 16x16 750 100k,2,59.375,0,-
"(8, 8, 10)",Abel 4x4 100k 100,2,6.25,0,-
"(8, 8, 10)",Abel 8x8 10k 1000,2,42.1875,0,-
"(8, 8, 10)",Kane + MCTS,2,1.5625,0,0.0
"(8, 8, 10)",Abel 16x16 2000 10k,3,3.125,0,-
"(8, 8, 10)",Abel 16x16 750 100k,3,50.0,0,-
"(8, 8, 10)",Abel 4x4 100k 100,3,50.0,0,-
"(8, 8, 10)",Abel 8x8 10k 1000,3,3.125,0,-
"(8, 8, 10)",Kane + MCTS,3,4.6875,0,0.0
"(8, 8, 10)",Abel 16x16 2000 10k,4,3.125,0,-
"(8, 8, 10)",Abel 16x16 750 100k,4,10.9375,0,-
"(8, 8, 10)",Abel 4x4 100k 100,4,12.5,0,-
"(8, 8, 10)",Abel 8x8 10k 1000,4,9.375,0,-
"(8, 8, 10)",Kane + MCTS,4,3.125,0,0.0
"(8, 8, 10)",Abel 16x16 2000 10k,5,4.6875,0,-
"(8, 8, 10)",Abel 16x16 750 100k,5,32.8125,0,-
"(8, 8, 10)",Abel 4x4 100k 100,5,25.0,0,-
"(8, 8, 10)",Abel 8x8 10k 1000,5,15.625,0,-
"(8, 8, 10)",Kane + MCTS,5,4.6875,0,0.0
"(8, 8, 10)",Abel 16x16 2000 10k,6,9.375,0,-
"(8, 8, 10)",Abel 16x16 750 100k,6,3.125,0,-
"(8, 8, 10)",Abel 4x4 100k 100,6,32.8125,0,-
"(8, 8, 10)",Abel 8x8 10k 1000,6,62.5,0,-
"(8, 8, 10)",Kane + MCTS,6,1.5625,0,0.0
"(8, 8, 10)",Abel 16x16 2000 10k,7,3.125,0,-
"(8, 8, 10)",Abel 16x16 750 100k,7,53.125,0,-
"(8, 8, 10)",Abel 4x4 100k 100,7,28.125,0,-
"(8, 8, 10)",Abel 8x8 10k 1000,7,3.125,0,-
"(8, 8, 10)",Kane + MCTS,7,9.375,0,0.0
"(8, 8, 10)",Abel 16x16 2000 10k,8,3.125,0,-
"(8, 8, 10)",Abel 16x16 750 100k,8,4.6875,0,-
"(8, 8, 10)",Abel 4x4 100k 100,8,6.25,0,-
"(8, 8, 10)",Abel 8x8 10k 1000,8,56.25,0,-
"(8, 8, 10)",Kane + MCTS,8,3.125,0,0.0
"(8, 8, 10)",Abel 16x16 2000 10k,9,48.4375,0,-
"(8, 8, 10)",Abel 16x16 750 100k,9,35.9375,0,-
"(8, 8, 10)",Abel 4x4 100k 100,9,9.375,0,-
"(8, 8, 10)",Abel 8x8 10k 1000,9,12.5,0,-
"(8, 8, 10)",Kane + MCTS,9,84.375,1,14.0625
"(8, 8, 10)",Abel 16x16 2000 10k,10,7.8125,0,-
"(8, 8, 10)",Abel 16x16 750 100k,10,29.6875,0,-
"(8, 8, 10)",Abel 4x4 100k 100,10,23.4375,0,-
"(8, 8, 10)",Abel 8x8 10k 1000,10,1.5625,0,-
"(8, 8, 10)",Kane + MCTS,10,3.125,0,0.0
"(8, 8, 10)",Abel 16x16 2000 10k,11,1.5625,0,-
"(8, 8, 10)",Abel 16x16 750 100k,11,39.0625,0,-
"(8, 8, 10)",Abel 4x4 100k 100,11,39.0625,0,-
"(8, 8, 10)",Abel 8x8 10k 1000,11,3.125,0,-
"(8, 8, 10)",Kane + MCTS,11,10.9375,0,0.0
"(8, 8, 10)",Abel 16x16 2000 10k,12,23.4375,0,-
"(8, 8, 10)",Abel 16x16 750 100k,12,35.9375,0,-
"(8, 8, 10)",Abel 4x4 100k 100,12,26.5625,0,-
"(8, 8, 10)",Abel 8x8 10k 1000,12,1.5625,0,-
"(8, 8, 10)",Kane + MCTS,12,6.25,0,0.0
"(8, 8, 10)",Abel 16x16 2000 10k,13,6.25,0,-
"(8, 8, 10)",Abel 16x16 750 100k,13,12.5,0,-
"(8, 8, 10)",Abel 4x4 100k 100,13,37.5,0,-
"(8, 8, 10)",Abel 8x8 10k 1000,13,43.75,0,-
"(8, 8, 10)",Kane + MCTS,13,3.125,0,0.0
"(8, 8, 10)",Abel 16x16 2000 10k,14,4.6875,0,-
"(8, 8, 10)",Abel 16x16 750 100k,14,26.5625,0,-
"(8, 8, 10)",Abel 4x4 100k 100,14,1.5625,0,-
"(8, 8, 10)",Abel 8x8 10k 1000,14,43.75,0,-
"(8, 8, 10)",Kane + MCTS,14,84.375,1,15.625
"(8, 8, 10)",Abel 16x16 2000 10k,15,14.0625,0,-
"(8, 8, 10)",Abel 16x16 750 100k,15,3.125,0,-
"(8, 8, 10)",Abel 4x4 100k 100,15,18.75,0,-
"(8, 8, 10)",Abel 8x8 10k 1000,15,4.6875,0,-
"(8, 8, 10)",Kane + MCTS,15,9.375,0,0.0
"(8, 8, 10)",Abel 16x16 2000 10k,16,45.3125,0,-
"(8, 8, 10)",Abel 16x16 750 100k,16,40.625,0,-
"(8, 8, 10)",Abel 4x4 100k 100,16,3.125,0,-
"(8, 8, 10)",Abel 8x8 10k 1000,16,26.5625,0,-
"(8, 8, 10)",Kane + MCTS,16,3.125,0,0.0
"(8, 8, 10)",Abel 16x16 2000 10k,17,4.6875,0,-
"(8, 8, 10)",Abel 16x16 750 100k,17,20.3125,0,-
"(8, 8, 10)",Abel 4x4 100k 100,17,4.6875,0,-
"(8, 8, 10)",Abel 8x8 10k 1000,17,6.25,0,-
"(8, 8, 10)",Kane + MCTS,17,3.125,0,0.0
"(8, 8, 10)",Abel 16x16 2000 10k,18,17.1875,0,-
"(8, 8, 10)",Abel 16x16 750 100k,18,54.6875,0,-
"(8, 8, 10)",Abel 4x4 100k 100,18,29.6875,0,-
"(8, 8, 10)",Abel 8x8 10k 1000,18,3.125,0,-
"(8, 8, 10)",Kane + MCTS,18,10.9375,0,0.0
"(8, 8, 10)",Abel 16x16 2000 10k,19,18.75,0,-
"(8, 8, 10)",Abel 16x16 750 100k,19,21.875,0,-
"(8, 8, 10)",Abel 4x4 100k 100,19,1.5625,0,-
"(8, 8, 10)",Abel 8x8 10k 1000,19,51.5625,0,-
"(8, 8, 10)",Kane + MCTS,19,84.375,1,15.625
"(8, 8, 10)",Abel 16x16 2000 10k,20,6.25,0,-
"(8, 8, 10)",Abel 16x16 750 100k,20,3.125,0,-
"(8, 8, 10)",Abel 4x4 100k 100,20,26.5625,0,-
"(8, 8, 10)",Abel 8x8 10k 1000,20,1.5625,0,-
"(8, 8, 10)",Kane + MCTS,20,12.5,0,0.0
"(8, 8, 2)",Abel 16x16 2000 10k,1,96.875,1,-
"(8, 8, 2)",Abel 16x16 750 100k,1,96.875,1,-
"(8, 8, 2)",Abel 4x4 100k 100,1,96.875,1,-
"(8, 8, 2)",Abel 8x8 10k 1000,1,96.875,1,-
"(8, 8, 2)",Kane + MCTS,1,96.875,1,0.0
"(8, 8, 2)",Abel 16x16 2000 10k,2,96.875,1,-
"(8, 8, 2)",Abel 16x16 750 100k,2,96.875,1,-
"(8, 8, 2)",Abel 4x4 100k 100,2,96.875,1,-
"(8, 8, 2)",Abel 8x8 10k 1000,2,95.3125,0,-
"(8, 8, 2)",Kane + MCTS,2,96.875,1,3.125
"(8, 8, 2)",Abel 16x16 2000 10k,3,96.875,1,-
"(8, 8, 2)",Abel 16x16 750 100k,3,95.3125,0,-
"(8, 8, 2)",Abel 4x4 100k 100,3,96.875,1,-
"(8, 8, 2)",Abel 8x8 10k 1000,3,95.3125,0,-
"(8, 8, 2)",Kane + MCTS,3,96.875,1,3.125
"(8, 8, 2)",Abel 16x16 2000 10k,4,96.875,1,-
"(8, 8, 2)",Abel 16x16 750 100k,4,96.875,1,-
"(8, 8, 2)",Abel 4x4 100k 100,4,96.875,1,-
"(8, 8, 2)",Abel 8x8 10k 1000,4,96.875,1,-
"(8, 8, 2)",Kane + MCTS,4,96.875,1,3.125
"(8, 8, 2)",Abel 16x16 2000 10k,5,96.875,1,-
"(8, 8, 2)",Abel 16x16 750 100k,5,96.875,1,-
"(8, 8, 2)",Abel 4x4 100k 100,5,96.875,1,-
"(8, 8, 2)",Abel 8x8 10k 1000,5,96.875,1,-
"(8, 8, 2)",Kane + MCTS,5,96.875,1,3.125
"(8, 8, 2)",Abel 16x16 2000 10k,6,96.875,1,-
"(8, 8, 2)",Abel 16x16 750 100k,6,96.875,1,-
"(8, 8, 2)",Abel 4x4 100k 100,6,96.875,1,-
"(8, 8, 2)",Abel 8x8 10k 1000,6,96.875,1,-
"(8, 8, 2)",Kane + MCTS,6,96.875,1,3.125
"(8, 8, 2)",Abel 16x16 2000 10k,7,96.875,1,-
"(8, 8, 2)",Abel 16x16 750 100k,7,96.875,1,-
"(8, 8, 2)",Abel 4x4 100k 100,7,96.875,1,-
"(8, 8, 2)",Abel 8x8 10k 1000,7,95.3125,0,-
"(8, 8, 2)",Kane + MCTS,7,96.875,1,0.0
"(8, 8, 2)",Abel 16x16 2000 10k,8,96.875,1,-
"(8, 8, 2)",Abel 16x16 750 100k,8,89.0625,0,-
"(8, 8, 2)",Abel 4x4 100k 100,8,96.875,1,-
"(8, 8, 2)",Abel 8x8 10k 1000,8,96.875,1,-
"(8, 8, 2)",Kane + MCTS,8,96.875,1,3.125
"(8, 8, 2)",Abel 16x16 2000 10k,9,96.875,1,-
"(8, 8, 2)",Abel 16x16 750 100k,9,3.125,0,-
"(8, 8, 2)",Abel 4x4 100k 100,9,96.875,1,-
"(8, 8, 2)",Abel 8x8 10k 1000,9,96.875,1,-
"(8, 8, 2)",Kane + MCTS,9,96.875,1,3.125
"(8, 8, 2)",Abel 16x16 2000 10k,10,95.3125,0,-
"(8, 8, 2)",Abel 16x16 750 100k,10,96.875,1,-
"(8, 8, 2)",Abel 4x4 100k 100,10,96.875,1,-
"(8, 8, 2)",Abel 8x8 10k 1000,10,96.875,1,-
"(8, 8, 2)",Kane + MCTS,10,96.875,1,3.125
"(8, 8, 2)",Abel 16x16 2000 10k,11,96.875,1,-
"(8, 8, 2)",Abel 16x16 750 100k,11,96.875,1,-
"(8, 8, 2)",Abel 4x4 100k 100,11,95.3125,0,-
"(8, 8, 2)",Abel 8x8 10k 1000,11,96.875,1,-
"(8, 8, 2)",Kane + MCTS,11,96.875,1,3.125
"(8, 8, 2)",Abel 16x16 2000 10k,12,96.875,1,-
"(8, 8, 2)",Abel 16x16 750 100k,12,1.5625,0,-
"(8, 8, 2)",Abel 4x4 100k 100,12,95.3125,0,-
"(8, 8, 2)",Abel 8x8 10k 1000,12,96.875,1,-
"(8, 8, 2)",Kane + MCTS,12,96.875,1,3.125
"(8, 8, 2)",Abel 16x16 2000 10k,13,96.875,1,-
"(8, 8, 2)",Abel 16x16 750 100k,13,96.875,1,-
"(8, 8, 2)",Abel 4x4 100k 100,13,96.875,1,-
"(8, 8, 2)",Abel 8x8 10k 1000,13,96.875,1,-
"(8, 8, 2)",Kane + MCTS,13,96.875,1,0.0
"(8, 8, 2)",Abel 16x16 2000 10k,14,96.875,1,-
"(8, 8, 2)",Abel 16x16 750 100k,14,93.75,0,-
"(8, 8, 2)",Abel 4x4 100k 100,14,96.875,1,-
"(8, 8, 2)",Abel 8x8 10k 1000,14,96.875,1,-
"(8, 8, 2)",Kane + MCTS,14,96.875,1,3.125
"(8, 8, 2)",Abel 16x16 2000 10k,15,96.875,1,-
"(8, 8, 2)",Abel 16x16 750 100k,15,96.875,1,-
"(8, 8, 2)",Abel 4x4 100k 100,15,95.3125,0,-
"(8, 8, 2)",Abel 8x8 10k 1000,15,95.3125,0,-
"(8, 8, 2)",Kane + MCTS,15,96.875,1,3.125
"(8, 8, 2)",Abel 16x16 2000 10k,16,96.875,1,-
"(8, 8, 2)",Abel 16x16 750 100k,16,95.3125,0,-
"(8, 8, 2)",Abel 4x4 100k 100,16,96.875,1,-
"(8, 8, 2)",Abel 8x8 10k 1000,16,96.875,1,-
"(8, 8, 2)",Kane + MCTS,16,96.875,1,0.0
"(8, 8, 2)",Abel 16x16 2000 10k,17,96.875,1,-
"(8, 8, 2)",Abel 16x16 750 100k,17,1.5625,0,-
"(8, 8, 2)",Abel 4x4 100k 100,17,96.875,1,-
"(8, 8, 2)",Abel 8x8 10k 1000,17,93.75,0,-
"(8, 8, 2)",Kane + MCTS,17,96.875,1,3.125
"(8, 8, 2)",Abel 16x16 2000 10k,18,95.3125,0,-
"(8, 8, 2)",Abel 16x16 750 100k,18,95.3125,0,-
"(8, 8, 2)",Abel 4x4 100k 100,18,95.3125,0,-
"(8, 8, 2)",Abel 8x8 10k 1000,18,96.875,1,-
"(8, 8, 2)",Kane + MCTS,18,96.875,1,3.125
"(8, 8, 2)",Abel 16x16 2000 10k,19,96.875,1,-
"(8, 8, 2)",Abel 16x16 750 100k,19,96.875,1,-
"(8, 8, 2)",Abel 4x4 100k 100,19,96.875,1,-
"(8, 8, 2)",Abel 8x8 10k 1000,19,96.875,1,-
"(8, 8, 2)",Kane + MCTS,19,96.875,1,0.0
"(8, 8, 2)",Abel 16x16 2000 10k,20,96.875,1,-
"(8, 8, 2)",Abel 16x16 750 100k,20,96.875,1,-
"(8, 8, 2)",Abel 4x4 100k 100,20,96.875,1,-
"(8, 8, 2)",Abel 8x8 10k 1000,20,96.875,1,-
"(8, 8, 2)",Kane + MCTS,20,96.875,1,3.125
"(8, 8, 20)",Abel 16x16 2000 10k,1,4.6875,0,-
"(8, 8, 20)",Abel 16x16 750 100k,1,1.5625,0,-
"(8, 8, 20)",Abel 4x4 100k 100,1,3.125,0,-
"(8, 8, 20)",Abel 8x8 10k 1000,1,4.6875,0,-
"(8, 8, 20)",Kane + MCTS,1,3.125,0,0.0
"(8, 8, 20)",Abel 16x16 2000 10k,2,6.25,0,-
"(8, 8, 20)",Abel 16x16 750 100k,2,10.9375,0,-
"(8, 8, 20)",Abel 4x4 100k 100,2,1.5625,0,-
"(8, 8, 20)",Abel 8x8 10k 1000,2,6.25,0,-
"(8, 8, 20)",Kane + MCTS,2,3.125,0,0.0
"(8, 8, 20)",Abel 16x16 2000 10k,3,1.5625,0,-
"(8, 8, 20)",Abel 16x16 750 100k,3,1.5625,0,-
"(8, 8, 20)",Abel 4x4 100k 100,3,14.0625,0,-
"(8, 8, 20)",Abel 8x8 10k 1000,3,3.125,0,-
"(8, 8, 20)",Kane + MCTS,3,3.125,0,0.0
"(8, 8, 20)",Abel 16x16 2000 10k,4,3.125,0,-
"(8, 8, 20)",Abel 16x16 750 100k,4,4.6875,0,-
"(8, 8, 20)",Abel 4x4 100k 100,4,10.9375,0,-
"(8, 8, 20)",Abel 8x8 10k 1000,4,1.5625,0,-
"(8, 8, 20)",Kane + MCTS,4,7.8125,0,0.0
"(8, 8, 20)",Abel 16x16 2000 10k,5,6.25,0,-
"(8, 8, 20)",Abel 16x16 750 100k,5,3.125,0,-
"(8, 8, 20)",Abel 4x4 100k 100,5,25.0,0,-
"(8, 8, 20)",Abel 8x8 10k 1000,5,15.625,0,-
"(8, 8, 20)",Kane + MCTS,5,1.5625,0,0.0
"(8, 8, 20)",Abel 16x16 2000 10k,6,1.5625,0,-
"(8, 8, 20)",Abel 16x16 750 100k,6,14.0625,0,-
"(8, 8, 20)",Abel 4x4 100k 100,6,4.6875,0,-
"(8, 8, 20)",Abel 8x8 10k 1000,6,4.6875,0,-
"(8, 8, 20)",Kane + MCTS,6,3.125,0,0.0
"(8, 8, 20)",Abel 16x16 2000 10k,7,1.5625,0,-
"(8, 8, 20)",Abel 16x16 750 100k,7,10.9375,0,-
"(8, 8, 20)",Abel 4x4 100k 100,7,9.375,0,-
"(8, 8, 20)",Abel 8x8 10k 1000,7,6.25,0,-
"(8, 8, 20)",Kane + MCTS,7,1.5625,0,0.0
"(8, 8, 20)",Abel 16x16 2000 10k,8,3.125,0,-
"(8, 8, 20)",Abel 16x16 750 100k,8,3.125,0,-
"(8, 8, 20)",Abel 4x4 100k 100,8,6.25,0,-
"(8, 8, 20)",Abel 8x8 10k 1000,8,4.6875,0,-
"(8, 8, 20)",Kane + MCTS,8,4.6875,0,0.0
"(8, 8, 20)",Abel 16x16 2000 10k,9,4.6875,0,-
"(8, 8, 20)",Abel 16x16 750 100k,9,3.125,0,-
"(8, 8, 20)",Abel 4x4 100k 100,9,9.375,0,-
"(8, 8, 20)",Abel 8x8 10k 1000,9,32.8125,0,-
"(8, 8, 20)",Kane + MCTS,9,1.5625,0,0.0
"(8, 8, 20)",Abel 16x16 2000 10k,10,3.125,0,-
"(8, 8, 20)",Abel 16x16 750 100k,10,6.25,0,-
"(8, 8, 20)",Abel 4x4 100k 100,10,1.5625,0,-
"(8, 8, 20)",Abel 8x8 10k 1000,10,1.5625,0,-
"(8, 8, 20)",Kane + MCTS,10,3.125,0,0.0
"(8, 8, 20)",Abel 16x16 2000 10k,11,1.5625,0,-
"(8, 8, 20)",Abel 16x16 750 100k,11,21.875,0,-
"(8, 8, 20)",Abel 4x4 100k 100,11,1.5625,0,-
"(8, 8, 20)",Abel 8x8 10k 1000,11,6.25,0,-
"(8, 8, 20)",Kane + MCTS,11,4.6875,0,0.0
"(8, 8, 20)",Abel 16x16 2000 10k,12,6.25,0,-
"(8, 8, 20)",Abel 16x16 750 100k,12,7.8125,0,-
"(8, 8, 20)",Abel 4x4 100k 100,12,6.25,0,-
"(8, 8, 20)",Abel 8x8 10k 1000,12,12.5,0,-
"(8, 8, 20)",Kane + MCTS,12,4.6875,0,0.0
"(8, 8, 20)",Abel 16x16 2000 10k,13,4.6875,0,-
"(8, 8, 20)",Abel 16x16 750 100k,13,6.25,0,-
"(8, 8, 20)",Abel 4x4 100k 100,13,1.5625,0,-
"(8, 8, 20)",Abel 8x8 10k 1000,13,7.8125,0,-
"(8, 8, 20)",Kane + MCTS,13,3.125,0,0.0
"(8, 8, 20)",Abel 16x16 2000 10k,14,1.5625,0,-
"(8, 8, 20)",Abel 16x16 750 100k,14,10.9375,0,-
"(8, 8, 20)",Abel 4x4 100k 100,14,1.5625,0,-
"(8, 8, 20)",Abel 8x8 10k 1000,14,4.6875,0,-
"(8, 8, 20)",Kane + MCTS,14,4.6875,0,0.0
"(8, 8, 20)",Abel 16x16 2000 10k,15,15.625,0,-
"(8, 8, 20)",Abel 16x16 750 100k,15,10.9375,0,-
"(8, 8, 20)",Abel 4x4 100k 100,15,25.0,0,-
"(8, 8, 20)",Abel 8x8 10k 1000,15,4.6875,0,-
"(8, 8, 20)",Kane + MCTS,15,9.375,0,0.0
"(8, 8, 20)",Abel 16x16 2000 10k,16,1.5625,0,-
"(8, 8, 20)",Abel 16x16 750 100k,16,7.8125,0,-
"(8, 8, 20)",Abel 4x4 100k 100,16,6.25,0,-
"(8, 8, 20)",Abel 8x8 10k 1000,16,1.5625,0,-
"(8, 8, 20)",Kane + MCTS,16,3.125,0,0.0
"(8, 8, 20)",Abel 16x16 2000 10k,17,4.6875,0,-
"(8, 8, 20)",Abel 16x16 750 100k,17,1.5625,0,-
"(8, 8, 20)",Abel 4x4 100k 100,17,4.6875,0,-
"(8, 8, 20)",Abel 8x8 10k 1000,17,1.5625,0,-
"(8, 8, 20)",Kane + MCTS,17,12.5,0,0.0
"(8, 8, 20)",Abel 16x16 2000 10k,18,4.6875,0,-
"(8, 8, 20)",Abel 16x16 750 100k,18,7.8125,0,-
"(8, 8, 20)",Abel 4x4 100k 100,18,1.5625,0,-
"(8, 8, 20)",Abel 8x8 10k 1000,18,10.9375,0,-
"(8, 8, 20)",Kane + MCTS,18,20.3125,0,0.0
"(8, 8, 20)",Abel 16x16 2000 10k,19,1.5625,0,-
"(8, 8, 20)",Abel 16x16 750 100k,19,6.25,0,-
"(8, 8, 20)",Abel 4x4 100k 100,19,4.6875,0,-
"(8, 8, 20)",Abel 8x8 10k 1000,19,4.6875,0,-
"(8, 8, 20)",Kane + MCTS,19,78.125,1,20.3125
"(8, 8, 20)",Abel 16x16 2000 10k,20,3.125,0,-
"(8, 8, 20)",Abel 16x16 750 100k,20,7.8125,0,-
"(8, 8, 20)",Abel 4x4 100k 100,20,1.5625,0,-
"(8, 8, 20)",Abel 8x8 10k 1000,20,4.6875,0,-
"(8, 8, 20)",Kane + MCTS,20,6.25,0,0.0
