Scenario,Algorithm,Grid,Uncovered%,Win,Initial Uncovered%,DifferenceUncovered%
"(16, 16, 10)",Abel 16x16 2000 10k,1,94.921875,0,94.140625,0.78125
"(16, 16, 10)",Abel 16x16 750 100k,1,94.53125,0,94.140625,0.390625
"(16, 16, 10)",Abel 4x4 100k 100,1,96.09375,1,94.140625,1.953125
"(16, 16, 10)",Abel 8x8 10k 1k,1,96.09375,1,94.140625,1.953125
"(16, 16, 10)",Kane + MCTS,1,96.09375,1,94.140625,1.953125
"(16, 16, 10)",Abel 16x16 2000 10k,2,94.53125,0,93.359375,1.171875
"(16, 16, 10)",Abel 16x16 750 100k,2,93.75,0,93.359375,0.390625
"(16, 16, 10)",Abel 4x4 100k 100,2,96.09375,1,93.359375,2.734375
"(16, 16, 10)",Abel 8x8 10k 1k,2,96.09375,1,93.359375,2.734375
"(16, 16, 10)",Kane + MCTS,2,96.09375,1,93.359375,2.734375
"(16, 16, 10)",Abel 16x16 2000 10k,3,95.703125,0,95.3125,0.390625
"(16, 16, 10)",Abel 16x16 750 100k,3,95.703125,0,95.3125,0.390625
"(16, 16, 10)",Abel 4x4 100k 100,3,96.09375,1,95.3125,0.78125
"(16, 16, 10)",Abel 8x8 10k 1k,3,96.09375,1,95.3125,0.78125
"(16, 16, 10)",Kane + MCTS,3,96.09375,1,95.3125,0.78125
"(16, 16, 10)",Abel 16x16 2000 10k,4,92.1875,0,91.796875,0.390625
"(16, 16, 10)",Abel 16x16 750 100k,4,94.53125,0,91.796875,2.734375
"(16, 16, 10)",Abel 4x4 100k 100,4,96.09375,1,91.796875,4.296875
"(16, 16, 10)",Abel 8x8 10k 1k,4,96.09375,1,91.796875,4.296875
"(16, 16, 10)",Kane + MCTS,4,96.09375,1,91.796875,4.296875
"(16, 16, 10)",Abel 16x16 2000 10k,5,96.09375,1,92.96875,3.125
"(16, 16, 10)",Abel 16x16 750 100k,5,96.09375,1,92.96875,3.125
"(16, 16, 10)",Abel 4x4 100k 100,5,96.09375,1,92.96875,3.125
"(16, 16, 10)",Abel 8x8 10k 1k,5,96.09375,1,92.96875,3.125
"(16, 16, 10)",Kane + MCTS,5,96.09375,1,92.96875,3.125
"(16, 16, 10)",Abel 16x16 2000 10k,6,95.703125,0,79.296875,16.40625
"(16, 16, 10)",Abel 16x16 750 100k,6,79.6875,0,79.296875,0.390625
"(16, 16, 10)",Abel 4x4 100k 100,6,96.09375,1,79.296875,16.796875
"(16, 16, 10)",Abel 8x8 10k 1k,6,96.09375,1,79.296875,16.796875
"(16, 16, 10)",Kane + MCTS,6,96.09375,1,79.296875,16.796875
"(16, 16, 10)",Abel 16x16 2000 10k,7,95.703125,0,95.3125,0.390625
"(16, 16, 10)",Abel 16x16 750 100k,7,95.703125,0,95.3125,0.390625
"(16, 16, 10)",Abel 4x4 100k 100,7,96.09375,1,95.3125,0.78125
"(16, 16, 10)",Abel 8x8 10k 1k,7,96.09375,1,95.3125,0.78125
"(16, 16, 10)",Kane + MCTS,7,96.09375,1,95.3125,0.78125
"(16, 16, 10)",Abel 16x16 2000 10k,8,87.890625,0,87.5,0.390625
"(16, 16, 10)",Abel 16x16 750 100k,8,87.890625,0,87.5,0.390625
"(16, 16, 10)",Abel 4x4 100k 100,8,96.09375,1,87.5,8.59375
"(16, 16, 10)",Abel 8x8 10k 1k,8,96.09375,1,87.5,8.59375
"(16, 16, 10)",Kane + MCTS,8,96.09375,1,87.5,8.59375
"(16, 16, 10)",Abel 16x16 2000 10k,9,94.921875,0,94.53125,0.390625
"(16, 16, 10)",Abel 16x16 750 100k,9,94.921875,0,94.53125,0.390625
"(16, 16, 10)",Abel 4x4 100k 100,9,96.09375,1,94.53125,1.5625
"(16, 16, 10)",Abel 8x8 10k 1k,9,96.09375,1,94.53125,1.5625
"(16, 16, 10)",Kane + MCTS,9,96.09375,1,94.53125,1.5625
"(16, 16, 10)",Abel 16x16 2000 10k,10,92.578125,0,91.40625,1.171875
"(16, 16, 10)",Abel 16x16 750 100k,10,91.796875,0,91.40625,0.390625
"(16, 16, 10)",Abel 4x4 100k 100,10,96.09375,1,91.40625,4.6875
"(16, 16, 10)",Abel 8x8 10k 1k,10,96.09375,1,91.40625,4.6875
"(16, 16, 10)",Kane + MCTS,10,96.09375,1,91.40625,4.6875
"(16, 16, 10)",Abel 16x16 2000 10k,11,94.140625,0,93.75,0.390625
"(16, 16, 10)",Abel 16x16 750 100k,11,94.140625,0,93.75,0.390625
"(16, 16, 10)",Abel 4x4 100k 100,11,96.484375,0,93.75,2.734375
"(16, 16, 10)",Abel 8x8 10k 1k,11,96.484375,0,93.75,2.734375
"(16, 16, 10)",Kane + MCTS,11,96.09375,1,93.75,2.34375
"(16, 16, 10)",Abel 16x16 2000 10k,12,96.09375,1,93.75,2.34375
"(16, 16, 10)",Abel 16x16 750 100k,12,94.140625,0,93.75,0.390625
"(16, 16, 10)",Abel 4x4 100k 100,12,96.09375,1,93.75,2.34375
"(16, 16, 10)",Abel 8x8 10k 1k,12,96.09375,1,93.75,2.34375
"(16, 16, 10)",Kane + MCTS,12,96.09375,1,93.75,2.34375
"(16, 16, 10)",Abel 16x16 2000 10k,13,95.703125,0,95.3125,0.390625
"(16, 16, 10)",Abel 16x16 750 100k,13,95.703125,0,95.3125,0.390625
"(16, 16, 10)",Abel 4x4 100k 100,13,96.09375,1,95.3125,0.78125
"(16, 16, 10)",Abel 8x8 10k 1k,13,96.09375,1,95.3125,0.78125
"(16, 16, 10)",Kane + MCTS,13,96.09375,1,95.3125,0.78125
"(16, 16, 10)",Abel 16x16 2000 10k,14,92.1875,0,91.40625,0.78125
"(16, 16, 10)",Abel 16x16 750 100k,14,91.796875,0,91.40625,0.390625
"(16, 16, 10)",Abel 4x4 100k 100,14,96.09375,1,91.40625,4.6875
"(16, 16, 10)",Abel 8x8 10k 1k,14,96.09375,1,91.40625,4.6875
"(16, 16, 10)",Kane + MCTS,14,96.09375,1,91.40625,4.6875
"(16, 16, 10)",Abel 16x16 2000 10k,15,94.921875,0,94.53125,0.390625
"(16, 16, 10)",Abel 16x16 750 100k,15,94.921875,0,94.53125,0.390625
"(16, 16, 10)",Abel 4x4 100k 100,15,96.09375,1,94.53125,1.5625
"(16, 16, 10)",Abel 8x8 10k 1k,15,96.09375,1,94.53125,1.5625
"(16, 16, 10)",Kane + MCTS,15,96.09375,1,94.53125,1.5625
"(16, 16, 10)",Abel 16x16 2000 10k,16,90.625,0,89.84375,0.78125
"(16, 16, 10)",Abel 16x16 750 100k,16,91.40625,0,89.84375,1.5625
"(16, 16, 10)",Abel 4x4 100k 100,16,96.484375,0,89.84375,6.640625
"(16, 16, 10)",Abel 8x8 10k 1k,16,96.484375,0,89.84375,6.640625
"(16, 16, 10)",Kane + MCTS,16,96.09375,1,89.84375,6.25
"(16, 16, 10)",Abel 16x16 2000 10k,17,95.703125,0,94.921875,0.78125
"(16, 16, 10)",Abel 16x16 750 100k,17,95.3125,0,94.921875,0.390625
"(16, 16, 10)",Abel 4x4 100k 100,17,96.09375,1,94.921875,1.171875
"(16, 16, 10)",Abel 8x8 10k 1k,17,96.09375,1,94.921875,1.171875
"(16, 16, 10)",Kane + MCTS,17,96.09375,1,94.921875,1.171875
"(16, 16, 10)",Abel 16x16 2000 10k,18,93.75,0,93.359375,0.390625
"(16, 16, 10)",Abel 16x16 750 100k,18,93.75,0,93.359375,0.390625
"(16, 16, 10)",Abel 4x4 100k 100,18,96.09375,1,93.359375,2.734375
"(16, 16, 10)",Abel 8x8 10k 1k,18,96.09375,1,93.359375,2.734375
"(16, 16, 10)",Kane + MCTS,18,96.09375,1,93.359375,2.734375
"(16, 16, 10)",Abel 16x16 2000 10k,19,94.921875,0,94.53125,0.390625
"(16, 16, 10)",Abel 16x16 750 100k,19,95.703125,0,94.53125,1.171875
"(16, 16, 10)",Abel 4x4 100k 100,19,96.09375,1,94.53125,1.5625
"(16, 16, 10)",Abel 8x8 10k 1k,19,96.09375,1,94.53125,1.5625
"(16, 16, 10)",Kane + MCTS,19,96.09375,1,94.53125,1.5625
"(16, 16, 10)",Abel 16x16 2000 10k,20,92.96875,0,91.40625,1.5625
"(16, 16, 10)",Abel 16x16 750 100k,20,91.796875,0,91.40625,0.390625
"(16, 16, 10)",Abel 4x4 100k 100,20,96.09375,1,91.40625,4.6875
"(16, 16, 10)",Abel 8x8 10k 1k,20,96.09375,1,91.40625,4.6875
"(16, 16, 10)",Kane + MCTS,20,96.09375,1,91.40625,4.6875
"(16, 16, 100)",Abel 16x16 2000 10k,1,1.953125,0,0.390625,1.5625
"(16, 16, 100)",Abel 16x16 750 100k,1,1.171875,0,0.390625,0.78125
"(16, 16, 100)",Abel 4x4 100k 100,1,3.125,0,0.390625,2.734375
"(16, 16, 100)",Abel 8x8 10k 1k,1,1.5625,0,0.390625,1.171875
"(16, 16, 100)",Kane + MCTS,1,0.78125,0,0.390625,0.390625
"(16, 16, 100)",Abel 16x16 2000 10k,2,1.171875,0,0.390625,0.78125
"(16, 16, 100)",Abel 16x16 750 100k,2,6.25,0,0.390625,5.859375
"(16, 16, 100)",Abel 4x4 100k 100,2,8.59375,0,0.390625,8.203125
"(16, 16, 100)",Abel 8x8 10k 1k,2,2.734375,0,0.390625,2.34375
"(16, 16, 100)",Kane + MCTS,2,1.953125,0,0.390625,1.5625
"(16, 16, 100)",Abel 16x16 2000 10k,3,1.171875,0,0.390625,0.78125
"(16, 16, 100)",Abel 16x16 750 100k,3,5.859375,0,0.390625,5.46875
"(16, 16, 100)",Abel 4x4 100k 100,3,5.46875,0,0.390625,5.078125
"(16, 16, 100)",Abel 8x8 10k 1k,3,4.6875,0,0.390625,4.296875
"(16, 16, 100)",Kane + MCTS,3,2.734375,0,0.390625,2.34375
"(16, 16, 100)",Abel 16x16 2000 10k,4,4.296875,0,3.515625,0.78125
"(16, 16, 100)",Abel 16x16 750 100k,4,3.90625,0,3.515625,0.390625
"(16, 16, 100)",Abel 4x4 100k 100,4,6.25,0,3.515625,2.734375
"(16, 16, 100)",Abel 8x8 10k 1k,4,4.6875,0,3.515625,1.171875
"(16, 16, 100)",Kane + MCTS,4,3.90625,0,3.515625,0.390625
"(16, 16, 100)",Abel 16x16 2000 10k,5,4.6875,0,3.515625,1.171875
"(16, 16, 100)",Abel 16x16 750 100k,5,3.90625,0,3.515625,0.390625
"(16, 16, 100)",Abel 4x4 100k 100,5,11.71875,0,3.515625,8.203125
"(16, 16, 100)",Abel 8x8 10k 1k,5,11.328125,0,3.515625,7.8125
"(16, 16, 100)",Kane + MCTS,5,4.6875,0,3.515625,1.171875
"(16, 16, 100)",Abel 16x16 2000 10k,6,2.34375,0,0.390625,1.953125
"(16, 16, 100)",Abel 16x16 750 100k,6,0.78125,0,0.390625,0.390625
"(16, 16, 100)",Abel 4x4 100k 100,6,5.078125,0,0.390625,4.6875
"(16, 16, 100)",Abel 8x8 10k 1k,6,4.296875,0,0.390625,3.90625
"(16, 16, 100)",Kane + MCTS,6,1.5625,0,0.390625,1.171875
"(16, 16, 100)",Abel 16x16 2000 10k,7,1.5625,0,0.390625,1.171875
"(16, 16, 100)",Abel 16x16 750 100k,7,1.953125,0,0.390625,1.5625
"(16, 16, 100)",Abel 4x4 100k 100,7,5.859375,0,0.390625,5.46875
"(16, 16, 100)",Abel 8x8 10k 1k,7,5.078125,0,0.390625,4.6875
"(16, 16, 100)",Kane + MCTS,7,3.515625,0,0.390625,3.125
"(16, 16, 100)",Abel 16x16 2000 10k,8,2.34375,0,0.390625,1.953125
"(16, 16, 100)",Abel 16x16 750 100k,8,1.5625,0,0.390625,1.171875
"(16, 16, 100)",Abel 4x4 100k 100,8,5.46875,0,0.390625,5.078125
"(16, 16, 100)",Abel 8x8 10k 1k,8,1.953125,0,0.390625,1.5625
"(16, 16, 100)",Kane + MCTS,8,1.171875,0,0.390625,0.78125
"(16, 16, 100)",Abel 16x16 2000 10k,9,1.5625,0,0.390625,1.171875
"(16, 16, 100)",Abel 16x16 750 100k,9,4.6875,0,0.390625,4.296875
"(16, 16, 100)",Abel 4x4 100k 100,9,5.078125,0,0.390625,4.6875
"(16, 16, 100)",Abel 8x8 10k 1k,9,2.34375,0,0.390625,1.953125
"(16, 16, 100)",Kane + MCTS,9,1.5625,0,0.390625,1.171875
"(16, 16, 100)",Abel 16x16 2000 10k,10,3.125,0,0.390625,2.734375
"(16, 16, 100)",Abel 16x16 750 100k,10,0.78125,0,0.390625,0.390625
"(16, 16, 100)",Abel 4x4 100k 100,10,5.078125,0,0.390625,4.6875
"(16, 16, 100)",Abel 8x8 10k 1k,10,4.296875,0,0.390625,3.90625
"(16, 16, 100)",Kane + MCTS,10,2.734375,0,0.390625,2.34375
"(16, 16, 100)",Abel 16x16 2000 10k,11,0.78125,0,0.390625,0.390625
"(16, 16, 100)",Abel 16x16 750 100k,11,0.78125,0,0.390625,0.390625
"(16, 16, 100)",Abel 4x4 100k 100,11,7.03125,0,0.390625,6.640625
"(16, 16, 100)",Abel 8x8 10k 1k,11,4.296875,0,0.390625,3.90625
"(16, 16, 100)",Kane + MCTS,11,2.34375,0,0.390625,1.953125
"(16, 16, 100)",Abel 16x16 2000 10k,12,4.6875,0,0.390625,4.296875
"(16, 16, 100)",Abel 16x16 750 100k,12,1.953125,0,0.390625,1.5625
"(16, 16, 100)",Abel 4x4 100k 100,12,2.34375,0,0.390625,1.953125
"(16, 16, 100)",Abel 8x8 10k 1k,12,1.5625,0,0.390625,1.171875
"(16, 16, 100)",Kane + MCTS,12,0.78125,0,0.390625,0.390625
"(16, 16, 100)",Abel 16x16 2000 10k,13,3.90625,0,0.390625,3.515625
"(16, 16, 100)",Abel 16x16 750 100k,13,2.734375,0,0.390625,2.34375
"(16, 16, 100)",Abel 4x4 100k 100,13,6.25,0,0.390625,5.859375
"(16, 16, 100)",Abel 8x8 10k 1k,13,3.515625,0,0.390625,3.125
"(16, 16, 100)",Kane + MCTS,13,1.5625,0,0.390625,1.171875
"(16, 16, 100)",Abel 16x16 2000 10k,14,0.78125,0,0.390625,0.390625
"(16, 16, 100)",Abel 16x16 750 100k,14,1.171875,0,0.390625,0.78125
"(16, 16, 100)",Abel 4x4 100k 100,14,6.640625,0,0.390625,6.25
"(16, 16, 100)",Abel 8x8 10k 1k,14,6.25,0,0.390625,5.859375
"(16, 16, 100)",Kane + MCTS,14,5.859375,0,0.390625,5.46875
"(16, 16, 100)",Abel 16x16 2000 10k,15,1.171875,0,0.390625,0.78125
"(16, 16, 100)",Abel 16x16 750 100k,15,1.5625,0,0.390625,1.171875
"(16, 16, 100)",Abel 4x4 100k 100,15,7.8125,0,0.390625,7.421875
"(16, 16, 100)",Abel 8x8 10k 1k,15,6.640625,0,0.390625,6.25
"(16, 16, 100)",Kane + MCTS,15,1.171875,0,0.390625,0.78125
"(16, 16, 100)",Abel 16x16 2000 10k,16,0.78125,0,0.390625,0.390625
"(16, 16, 100)",Abel 16x16 750 100k,16,1.5625,0,0.390625,1.171875
"(16, 16, 100)",Abel 4x4 100k 100,16,6.640625,0,0.390625,6.25
"(16, 16, 100)",Abel 8x8 10k 1k,16,3.515625,0,0.390625,3.125
"(16, 16, 100)",Kane + MCTS,16,1.171875,0,0.390625,0.78125
"(16, 16, 100)",Abel 16x16 2000 10k,17,1.5625,0,0.390625,1.171875
"(16, 16, 100)",Abel 16x16 750 100k,17,3.515625,0,0.390625,3.125
"(16, 16, 100)",Abel 4x4 100k 100,17,3.90625,0,0.390625,3.515625
"(16, 16, 100)",Abel 8x8 10k 1k,17,3.515625,0,0.390625,3.125
"(16, 16, 100)",Kane + MCTS,17,1.171875,0,0.390625,0.78125
"(16, 16, 100)",Abel 16x16 2000 10k,18,0.78125,0,0.390625,0.390625
"(16, 16, 100)",Abel 16x16 750 100k,18,2.734375,0,0.390625,2.34375
"(16, 16, 100)",Abel 4x4 100k 100,18,8.203125,0,0.390625,7.8125
"(16, 16, 100)",Abel 8x8 10k 1k,18,5.078125,0,0.390625,4.6875
"(16, 16, 100)",Kane + MCTS,18,3.515625,0,0.390625,3.125
"(16, 16, 100)",Abel 16x16 2000 10k,19,2.734375,0,0.390625,2.34375
"(16, 16, 100)",Abel 16x16 750 100k,19,0.78125,0,0.390625,0.390625
"(16, 16, 100)",Abel 4x4 100k 100,19,10.15625,0,0.390625,9.765625
"(16, 16, 100)",Abel 8x8 10k 1k,19,3.90625,0,0.390625,3.515625
"(16, 16, 100)",Kane + MCTS,19,3.125,0,0.390625,2.734375
"(16, 16, 100)",Abel 16x16 2000 10k,20,5.46875,0,2.34375,3.125
"(16, 16, 100)",Abel 16x16 750 100k,20,3.125,0,2.34375,0.78125
"(16, 16, 100)",Abel 4x4 100k 100,20,5.46875,0,2.34375,3.125
"(16, 16, 100)",Abel 8x8 10k 1k,20,3.125,0,2.34375,0.78125
"(16, 16, 100)",Kane + MCTS,20,2.734375,0,2.34375,0.390625
"(16, 16, 40)",Abel 16x16 2000 10k,1,5.859375,0,3.515625,2.34375
"(16, 16, 40)",Abel 16x16 750 100k,1,6.25,0,3.515625,2.734375
"(16, 16, 40)",Abel 4x4 100k 100,1,12.5,0,3.515625,8.984375
"(16, 16, 40)",Abel 8x8 10k 1k,1,4.296875,0,3.515625,0.78125
"(16, 16, 40)",Kane + MCTS,1,3.90625,0,3.515625,0.390625
"(16, 16, 40)",Abel 16x16 2000 10k,2,12.109375,0,7.03125,5.078125
"(16, 16, 40)",Abel 16x16 750 100k,2,12.890625,0,7.03125,5.859375
"(16, 16, 40)",Abel 4x4 100k 100,2,20.3125,0,7.03125,13.28125
"(16, 16, 40)",Abel 8x8 10k 1k,2,14.0625,0,7.03125,7.03125
"(16, 16, 40)",Kane + MCTS,2,11.328125,0,7.03125,4.296875
"(16, 16, 40)",Abel 16x16 2000 10k,3,16.40625,0,5.859375,10.546875
"(16, 16, 40)",Abel 16x16 750 100k,3,8.984375,0,5.859375,3.125
"(16, 16, 40)",Abel 4x4 100k 100,3,24.609375,0,5.859375,18.75
"(16, 16, 40)",Abel 8x8 10k 1k,3,22.65625,0,5.859375,16.796875
"(16, 16, 40)",Kane + MCTS,3,20.703125,0,5.859375,14.84375
"(16, 16, 40)",Abel 16x16 2000 10k,4,3.515625,0,2.34375,1.171875
"(16, 16, 40)",Abel 16x16 750 100k,4,8.984375,0,2.34375,6.640625
"(16, 16, 40)",Abel 4x4 100k 100,4,12.5,0,2.34375,10.15625
"(16, 16, 40)",Abel 8x8 10k 1k,4,12.109375,0,2.34375,9.765625
"(16, 16, 40)",Kane + MCTS,4,2.734375,0,2.34375,0.390625
"(16, 16, 40)",Abel 16x16 2000 10k,5,10.15625,0,9.375,0.78125
"(16, 16, 40)",Abel 16x16 750 100k,5,19.53125,0,9.375,10.15625
"(16, 16, 40)",Abel 4x4 100k 100,5,65.625,0,9.375,56.25
"(16, 16, 40)",Abel 8x8 10k 1k,5,65.234375,0,9.375,55.859375
"(16, 16, 40)",Kane + MCTS,5,58.984375,0,9.375,49.609375
"(16, 16, 40)",Abel 16x16 2000 10k,6,15.234375,0,13.28125,1.953125
"(16, 16, 40)",Abel 16x16 750 100k,6,14.84375,0,13.28125,1.5625
"(16, 16, 40)",Abel 4x4 100k 100,6,84.375,1,13.28125,71.09375
"(16, 16, 40)",Abel 8x8 10k 1k,6,84.375,1,13.28125,71.09375
"(16, 16, 40)",Kane + MCTS,6,84.375,1,13.28125,71.09375
"(16, 16, 40)",Abel 16x16 2000 10k,7,7.8125,0,2.34375,5.46875
"(16, 16, 40)",Abel 16x16 750 100k,7,3.90625,0,2.34375,1.5625
"(16, 16, 40)",Abel 4x4 100k 100,7,23.828125,0,2.34375,21.484375
"(16, 16, 40)",Abel 8x8 10k 1k,7,23.4375,0,2.34375,21.09375
"(16, 16, 40)",Kane + MCTS,7,2.734375,0,2.34375,0.390625
"(16, 16, 40)",Abel 16x16 2000 10k,8,17.1875,0,9.375,7.8125
"(16, 16, 40)",Abel 16x16 750 100k,8,10.15625,0,9.375,0.78125
"(16, 16, 40)",Abel 4x4 100k 100,8,84.375,1,9.375,75.0
"(16, 16, 40)",Abel 8x8 10k 1k,8,84.375,1,9.375,75.0
"(16, 16, 40)",Kane + MCTS,8,84.375,1,9.375,75.0
"(16, 16, 40)",Abel 16x16 2000 10k,9,26.5625,0,6.25,20.3125
"(16, 16, 40)",Abel 16x16 750 100k,9,7.03125,0,6.25,0.78125
"(16, 16, 40)",Abel 4x4 100k 100,9,17.1875,0,6.25,10.9375
"(16, 16, 40)",Abel 8x8 10k 1k,9,16.796875,0,6.25,10.546875
"(16, 16, 40)",Kane + MCTS,9,7.03125,0,6.25,0.78125
"(16, 16, 40)",Abel 16x16 2000 10k,10,5.078125,0,3.515625,1.5625
"(16, 16, 40)",Abel 16x16 750 100k,10,4.296875,0,3.515625,0.78125
"(16, 16, 40)",Abel 4x4 100k 100,10,84.375,1,3.515625,80.859375
"(16, 16, 40)",Abel 8x8 10k 1k,10,84.375,1,3.515625,80.859375
"(16, 16, 40)",Kane + MCTS,10,84.375,1,3.515625,80.859375
"(16, 16, 40)",Abel 16x16 2000 10k,11,10.15625,0,7.03125,3.125
"(16, 16, 40)",Abel 16x16 750 100k,11,8.984375,0,7.03125,1.953125
"(16, 16, 40)",Abel 4x4 100k 100,11,18.75,0,7.03125,11.71875
"(16, 16, 40)",Abel 8x8 10k 1k,11,17.96875,0,7.03125,10.9375
"(16, 16, 40)",Kane + MCTS,11,8.203125,0,7.03125,1.171875
"(16, 16, 40)",Abel 16x16 2000 10k,12,12.5,0,1.5625,10.9375
"(16, 16, 40)",Abel 16x16 750 100k,12,5.078125,0,1.5625,3.515625
"(16, 16, 40)",Abel 4x4 100k 100,12,12.890625,0,1.5625,11.328125
"(16, 16, 40)",Abel 8x8 10k 1k,12,3.90625,0,1.5625,2.34375
"(16, 16, 40)",Kane + MCTS,12,2.34375,0,1.5625,0.78125
"(16, 16, 40)",Abel 16x16 2000 10k,13,2.734375,0,2.34375,0.390625
"(16, 16, 40)",Abel 16x16 750 100k,13,4.6875,0,2.34375,2.34375
"(16, 16, 40)",Abel 4x4 100k 100,13,84.375,1,2.34375,82.03125
"(16, 16, 40)",Abel 8x8 10k 1k,13,84.375,1,2.34375,82.03125
"(16, 16, 40)",Kane + MCTS,13,84.375,1,2.34375,82.03125
"(16, 16, 40)",Abel 16x16 2000 10k,14,5.46875,0,3.125,2.34375
"(16, 16, 40)",Abel 16x16 750 100k,14,3.515625,0,3.125,0.390625
"(16, 16, 40)",Abel 4x4 100k 100,14,24.21875,0,3.125,21.09375
"(16, 16, 40)",Abel 8x8 10k 1k,14,23.828125,0,3.125,20.703125
"(16, 16, 40)",Kane + MCTS,14,5.46875,0,3.125,2.34375
"(16, 16, 40)",Abel 16x16 2000 10k,15,16.40625,0,14.453125,1.953125
"(16, 16, 40)",Abel 16x16 750 100k,15,15.234375,0,14.453125,0.78125
"(16, 16, 40)",Abel 4x4 100k 100,15,60.15625,0,14.453125,45.703125
"(16, 16, 40)",Abel 8x8 10k 1k,15,57.421875,0,14.453125,42.96875
"(16, 16, 40)",Kane + MCTS,15,48.4375,0,14.453125,33.984375
"(16, 16, 40)",Abel 16x16 2000 10k,16,11.71875,0,10.546875,1.171875
"(16, 16, 40)",Abel 16x16 750 100k,16,19.53125,0,10.546875,8.984375
"(16, 16, 40)",Abel 4x4 100k 100,16,84.375,1,10.546875,73.828125
"(16, 16, 40)",Abel 8x8 10k 1k,16,84.375,1,10.546875,73.828125
"(16, 16, 40)",Kane + MCTS,16,84.375,1,10.546875,73.828125
"(16, 16, 40)",Abel 16x16 2000 10k,17,7.03125,0,4.6875,2.34375
"(16, 16, 40)",Abel 16x16 750 100k,17,5.078125,0,4.6875,0.390625
"(16, 16, 40)",Abel 4x4 100k 100,17,34.765625,0,4.6875,30.078125
"(16, 16, 40)",Abel 8x8 10k 1k,17,24.21875,0,4.6875,19.53125
"(16, 16, 40)",Kane + MCTS,17,17.1875,0,4.6875,12.5
"(16, 16, 40)",Abel 16x16 2000 10k,18,5.46875,0,4.6875,0.78125
"(16, 16, 40)",Abel 16x16 750 100k,18,12.109375,0,4.6875,7.421875
"(16, 16, 40)",Abel 4x4 100k 100,18,39.0625,0,4.6875,34.375
"(16, 16, 40)",Abel 8x8 10k 1k,18,26.953125,0,4.6875,22.265625
"(16, 16, 40)",Kane + MCTS,18,25.78125,0,4.6875,21.09375
"(16, 16, 40)",Abel 16x16 2000 10k,19,14.0625,0,10.9375,3.125
"(16, 16, 40)",Abel 16x16 750 100k,19,13.671875,0,10.9375,2.734375
"(16, 16, 40)",Abel 4x4 100k 100,19,84.765625,0,10.9375,73.828125
"(16, 16, 40)",Abel 8x8 10k 1k,19,84.765625,0,10.9375,73.828125
"(16, 16, 40)",Kane + MCTS,19,84.375,1,10.9375,73.4375
"(16, 16, 40)",Abel 16x16 2000 10k,20,8.59375,0,8.203125,0.390625
"(16, 16, 40)",Abel 16x16 750 100k,20,9.375,0,8.203125,1.171875
"(16, 16, 40)",Abel 4x4 100k 100,20,14.84375,0,8.203125,6.640625
"(16, 16, 40)",Abel 8x8 10k 1k,20,13.28125,0,8.203125,5.078125
"(16, 16, 40)",Kane + MCTS,20,11.71875,0,8.203125,3.515625
"(16, 30, 150)",Abel 16x16 2000 10k,1,2.083333333333333,0,1.25,0.833333333333333
"(16, 30, 150)",Abel 16x16 750 100k,1,1.4583333333333333,0,1.25,0.2083333333333332
"(16, 30, 150)",Abel 4x4 100k 100,1,3.333333333333333,0,1.25,2.083333333333333
"(16, 30, 150)",Abel 8x8 10k 1k,1,2.708333333333333,0,1.25,1.458333333333333
"(16, 30, 150)",Kane + MCTS,1,1.4583333333333333,0,1.25,0.2083333333333332
"(16, 30, 150)",Abel 16x16 2000 10k,2,1.6666666666666667,0,1.25,0.4166666666666667
"(16, 30, 150)",Abel 16x16 750 100k,2,2.2916666666666665,0,1.25,1.0416666666666663
"(16, 30, 150)",Abel 4x4 100k 100,2,3.333333333333333,0,1.25,2.083333333333333
"(16, 30, 150)",Abel 8x8 10k 1k,2,2.5,0,1.25,1.25
"(16, 30, 150)",Kane + MCTS,2,2.2916666666666665,0,1.25,1.0416666666666663
"(16, 30, 150)",Abel 16x16 2000 10k,3,3.75,0,3.125,0.625
"(16, 30, 150)",Abel 16x16 750 100k,3,4.583333333333333,0,3.125,1.458333333333333
"(16, 30, 150)",Abel 4x4 100k 100,3,7.708333333333334,0,3.125,4.583333333333334
"(16, 30, 150)",Abel 8x8 10k 1k,3,7.5,0,3.125,4.375
"(16, 30, 150)",Kane + MCTS,3,4.791666666666667,0,3.125,1.666666666666667
"(16, 30, 150)",Abel 16x16 2000 10k,4,2.2916666666666665,0,1.6666666666666667,0.6249999999999998
"(16, 30, 150)",Abel 16x16 750 100k,4,2.708333333333333,0,1.6666666666666667,1.0416666666666663
"(16, 30, 150)",Abel 4x4 100k 100,4,3.958333333333333,0,1.6666666666666667,2.291666666666666
"(16, 30, 150)",Abel 8x8 10k 1k,4,3.75,0,1.6666666666666667,2.083333333333333
"(16, 30, 150)",Kane + MCTS,4,2.2916666666666665,0,1.6666666666666667,0.6249999999999998
"(16, 30, 150)",Abel 16x16 2000 10k,5,0.8333333333333334,0,0.2083333333333333,0.6250000000000001
"(16, 30, 150)",Abel 16x16 750 100k,5,1.4583333333333333,0,0.2083333333333333,1.25
"(16, 30, 150)",Abel 4x4 100k 100,5,2.5,0,0.2083333333333333,2.2916666666666665
"(16, 30, 150)",Abel 8x8 10k 1k,5,2.2916666666666665,0,0.2083333333333333,2.083333333333333
"(16, 30, 150)",Kane + MCTS,5,1.6666666666666667,0,0.2083333333333333,1.4583333333333337
"(16, 30, 150)",Abel 16x16 2000 10k,6,2.083333333333333,0,1.875,0.208333333333333
"(16, 30, 150)",Abel 16x16 750 100k,6,2.708333333333333,0,1.875,0.833333333333333
"(16, 30, 150)",Abel 4x4 100k 100,6,8.958333333333334,0,1.875,7.083333333333334
"(16, 30, 150)",Abel 8x8 10k 1k,6,7.5,0,1.875,5.625
"(16, 30, 150)",Kane + MCTS,6,2.5,0,1.875,0.625
"(16, 30, 150)",Abel 16x16 2000 10k,7,2.083333333333333,0,1.875,0.208333333333333
"(16, 30, 150)",Abel 16x16 750 100k,7,2.083333333333333,0,1.875,0.208333333333333
"(16, 30, 150)",Abel 4x4 100k 100,7,42.70833333333333,0,1.875,40.83333333333333
"(16, 30, 150)",Abel 8x8 10k 1k,7,42.5,0,1.875,40.625
"(16, 30, 150)",Kane + MCTS,7,42.29166666666666,0,1.875,40.41666666666666
"(16, 30, 150)",Abel 16x16 2000 10k,8,1.4583333333333333,0,1.25,0.2083333333333332
"(16, 30, 150)",Abel 16x16 750 100k,8,2.5,0,1.25,1.25
"(16, 30, 150)",Abel 4x4 100k 100,8,8.75,0,1.25,7.5
"(16, 30, 150)",Abel 8x8 10k 1k,8,8.541666666666666,0,1.25,7.291666666666666
"(16, 30, 150)",Kane + MCTS,8,7.5,0,1.25,6.25
"(16, 30, 150)",Abel 16x16 2000 10k,9,2.708333333333333,0,0.2083333333333333,2.5
"(16, 30, 150)",Abel 16x16 750 100k,9,0.625,0,0.2083333333333333,0.4166666666666667
"(16, 30, 150)",Abel 4x4 100k 100,9,1.875,0,0.2083333333333333,1.6666666666666667
"(16, 30, 150)",Abel 8x8 10k 1k,9,1.4583333333333333,0,0.2083333333333333,1.25
"(16, 30, 150)",Kane + MCTS,9,0.8333333333333334,0,0.2083333333333333,0.6250000000000001
"(16, 30, 150)",Abel 16x16 2000 10k,10,1.6666666666666667,0,1.25,0.4166666666666667
"(16, 30, 150)",Abel 16x16 750 100k,10,1.6666666666666667,0,1.25,0.4166666666666667
"(16, 30, 150)",Abel 4x4 100k 100,10,3.5416666666666665,0,1.25,2.2916666666666665
"(16, 30, 150)",Abel 8x8 10k 1k,10,1.875,0,1.25,0.625
"(16, 30, 150)",Kane + MCTS,10,1.4583333333333333,0,1.25,0.2083333333333332
"(16, 30, 150)",Abel 16x16 2000 10k,11,2.708333333333333,0,1.875,0.833333333333333
"(16, 30, 150)",Abel 16x16 750 100k,11,5.833333333333333,0,1.875,3.958333333333333
"(16, 30, 150)",Abel 4x4 100k 100,11,3.125,0,1.875,1.25
"(16, 30, 150)",Abel 8x8 10k 1k,11,2.708333333333333,0,1.875,0.833333333333333
"(16, 30, 150)",Kane + MCTS,11,2.5,0,1.875,0.625
"(16, 30, 150)",Abel 16x16 2000 10k,12,3.333333333333333,0,1.25,2.083333333333333
"(16, 30, 150)",Abel 16x16 750 100k,12,3.5416666666666665,0,1.25,2.2916666666666665
"(16, 30, 150)",Abel 4x4 100k 100,12,2.083333333333333,0,1.25,0.833333333333333
"(16, 30, 150)",Abel 8x8 10k 1k,12,1.875,0,1.25,0.625
"(16, 30, 150)",Kane + MCTS,12,1.4583333333333333,0,1.25,0.2083333333333332
"(16, 30, 150)",Abel 16x16 2000 10k,13,2.708333333333333,0,1.875,0.833333333333333
"(16, 30, 150)",Abel 16x16 750 100k,13,2.708333333333333,0,1.875,0.833333333333333
"(16, 30, 150)",Abel 4x4 100k 100,13,6.041666666666667,0,1.875,4.166666666666667
"(16, 30, 150)",Abel 8x8 10k 1k,13,5.0,0,1.875,3.125
"(16, 30, 150)",Kane + MCTS,13,2.2916666666666665,0,1.875,0.4166666666666665
"(16, 30, 150)",Abel 16x16 2000 10k,14,1.4583333333333333,0,1.25,0.2083333333333332
"(16, 30, 150)",Abel 16x16 750 100k,14,1.4583333333333333,0,1.25,0.2083333333333332
"(16, 30, 150)",Abel 4x4 100k 100,14,2.2916666666666665,0,1.25,1.0416666666666663
"(16, 30, 150)",Abel 8x8 10k 1k,14,1.6666666666666667,0,1.25,0.4166666666666667
"(16, 30, 150)",Kane + MCTS,14,1.4583333333333333,0,1.25,0.2083333333333332
"(16, 30, 150)",Abel 16x16 2000 10k,15,1.4583333333333333,0,1.25,0.2083333333333332
"(16, 30, 150)",Abel 16x16 750 100k,15,3.5416666666666665,0,1.25,2.2916666666666665
"(16, 30, 150)",Abel 4x4 100k 100,15,5.625,0,1.25,4.375
"(16, 30, 150)",Abel 8x8 10k 1k,15,4.583333333333333,0,1.25,3.333333333333333
"(16, 30, 150)",Kane + MCTS,15,3.75,0,1.25,2.5
"(16, 30, 150)",Abel 16x16 2000 10k,16,3.958333333333333,0,1.6666666666666667,2.291666666666666
"(16, 30, 150)",Abel 16x16 750 100k,16,2.2916666666666665,0,1.6666666666666667,0.6249999999999998
"(16, 30, 150)",Abel 4x4 100k 100,16,5.833333333333333,0,1.6666666666666667,4.166666666666666
"(16, 30, 150)",Abel 8x8 10k 1k,16,3.5416666666666665,0,1.6666666666666667,1.875
"(16, 30, 150)",Kane + MCTS,16,1.875,0,1.6666666666666667,0.2083333333333332
"(16, 30, 150)",Abel 16x16 2000 10k,17,2.2916666666666665,0,1.875,0.4166666666666665
"(16, 30, 150)",Abel 16x16 750 100k,17,2.2916666666666665,0,1.875,0.4166666666666665
"(16, 30, 150)",Abel 4x4 100k 100,17,81.04166666666667,0,1.875,79.16666666666667
"(16, 30, 150)",Abel 8x8 10k 1k,17,81.04166666666667,0,1.875,79.16666666666667
"(16, 30, 150)",Kane + MCTS,17,80.83333333333333,1,1.875,78.95833333333333
"(16, 30, 150)",Abel 16x16 2000 10k,18,1.6666666666666667,0,1.25,0.4166666666666667
"(16, 30, 150)",Abel 16x16 750 100k,18,2.2916666666666665,0,1.25,1.0416666666666663
"(16, 30, 150)",Abel 4x4 100k 100,18,4.166666666666666,0,1.25,2.916666666666666
"(16, 30, 150)",Abel 8x8 10k 1k,18,1.6666666666666667,0,1.25,0.4166666666666667
"(16, 30, 150)",Kane + MCTS,18,1.4583333333333333,0,1.25,0.2083333333333332
"(16, 30, 150)",Abel 16x16 2000 10k,19,2.5,0,1.875,0.625
"(16, 30, 150)",Abel 16x16 750 100k,19,3.333333333333333,0,1.875,1.458333333333333
"(16, 30, 150)",Abel 4x4 100k 100,19,5.625,0,1.875,3.75
"(16, 30, 150)",Abel 8x8 10k 1k,19,3.75,0,1.875,1.875
"(16, 30, 150)",Kane + MCTS,19,2.083333333333333,0,1.875,0.208333333333333
"(16, 30, 150)",Abel 16x16 2000 10k,20,3.333333333333333,0,1.25,2.083333333333333
"(16, 30, 150)",Abel 16x16 750 100k,20,3.75,0,1.25,2.5
"(16, 30, 150)",Abel 4x4 100k 100,20,6.25,0,1.25,5.0
"(16, 30, 150)",Abel 8x8 10k 1k,20,4.166666666666666,0,1.25,2.916666666666666
"(16, 30, 150)",Kane + MCTS,20,2.2916666666666665,0,1.25,1.0416666666666663
"(16, 30, 20)",Abel 16x16 2000 10k,1,93.75,0,93.54166666666669,0.2083333333333143
"(16, 30, 20)",Abel 16x16 750 100k,1,93.95833333333331,0,93.54166666666669,0.4166666666666287
"(16, 30, 20)",Abel 4x4 100k 100,1,95.83333333333334,1,93.54166666666669,2.291666666666657
"(16, 30, 20)",Abel 8x8 10k 1k,1,95.83333333333334,1,93.54166666666669,2.291666666666657
"(16, 30, 20)",Kane + MCTS,1,95.83333333333334,1,93.54166666666669,2.291666666666657
"(16, 30, 20)",Abel 16x16 2000 10k,2,94.79166666666666,0,94.58333333333331,0.2083333333333428
"(16, 30, 20)",Abel 16x16 750 100k,2,94.79166666666666,0,94.58333333333331,0.2083333333333428
"(16, 30, 20)",Abel 4x4 100k 100,2,95.83333333333334,1,94.58333333333331,1.2500000000000284
"(16, 30, 20)",Abel 8x8 10k 1k,2,95.83333333333334,1,94.58333333333331,1.2500000000000284
"(16, 30, 20)",Kane + MCTS,2,95.83333333333334,1,94.58333333333331,1.2500000000000284
"(16, 30, 20)",Abel 16x16 2000 10k,3,93.75,0,93.54166666666669,0.2083333333333143
"(16, 30, 20)",Abel 16x16 750 100k,3,93.75,0,93.54166666666669,0.2083333333333143
"(16, 30, 20)",Abel 4x4 100k 100,3,95.83333333333334,1,93.54166666666669,2.291666666666657
"(16, 30, 20)",Abel 8x8 10k 1k,3,95.83333333333334,1,93.54166666666669,2.291666666666657
"(16, 30, 20)",Kane + MCTS,3,95.83333333333334,1,93.54166666666669,2.291666666666657
"(16, 30, 20)",Abel 16x16 2000 10k,4,90.41666666666669,0,90.20833333333331,0.2083333333333712
"(16, 30, 20)",Abel 16x16 750 100k,4,90.83333333333331,0,90.20833333333331,0.625
"(16, 30, 20)",Abel 4x4 100k 100,4,95.83333333333334,1,90.20833333333331,5.625000000000028
"(16, 30, 20)",Abel 8x8 10k 1k,4,95.83333333333334,1,90.20833333333331,5.625000000000028
"(16, 30, 20)",Kane + MCTS,4,95.83333333333334,1,90.20833333333331,5.625000000000028
"(16, 30, 20)",Abel 16x16 2000 10k,5,93.54166666666669,0,89.58333333333334,3.958333333333343
"(16, 30, 20)",Abel 16x16 750 100k,5,93.33333333333331,0,89.58333333333334,3.749999999999972
"(16, 30, 20)",Abel 4x4 100k 100,5,95.83333333333334,1,89.58333333333334,6.25
"(16, 30, 20)",Abel 8x8 10k 1k,5,95.83333333333334,1,89.58333333333334,6.25
"(16, 30, 20)",Kane + MCTS,5,95.83333333333334,1,89.58333333333334,6.25
"(16, 30, 20)",Abel 16x16 2000 10k,6,92.5,0,92.29166666666669,0.2083333333333143
"(16, 30, 20)",Abel 16x16 750 100k,6,93.95833333333331,0,92.29166666666669,1.6666666666666288
"(16, 30, 20)",Abel 4x4 100k 100,6,95.83333333333334,1,92.29166666666669,3.541666666666657
"(16, 30, 20)",Abel 8x8 10k 1k,6,95.83333333333334,1,92.29166666666669,3.541666666666657
"(16, 30, 20)",Kane + MCTS,6,95.83333333333334,1,92.29166666666669,3.541666666666657
"(16, 30, 20)",Abel 16x16 2000 10k,7,94.79166666666666,0,94.375,0.4166666666666572
"(16, 30, 20)",Abel 16x16 750 100k,7,94.58333333333331,0,94.375,0.2083333333333143
"(16, 30, 20)",Abel 4x4 100k 100,7,95.83333333333334,1,94.375,1.4583333333333428
"(16, 30, 20)",Abel 8x8 10k 1k,7,95.83333333333334,1,94.375,1.4583333333333428
"(16, 30, 20)",Kane + MCTS,7,95.83333333333334,1,94.375,1.4583333333333428
"(16, 30, 20)",Abel 16x16 2000 10k,8,91.45833333333331,0,90.83333333333331,0.625
"(16, 30, 20)",Abel 16x16 750 100k,8,91.45833333333331,0,90.83333333333331,0.625
"(16, 30, 20)",Abel 4x4 100k 100,8,95.83333333333334,1,90.83333333333331,5.000000000000028
"(16, 30, 20)",Abel 8x8 10k 1k,8,95.83333333333334,1,90.83333333333331,5.000000000000028
"(16, 30, 20)",Kane + MCTS,8,95.83333333333334,1,90.83333333333331,5.000000000000028
"(16, 30, 20)",Abel 16x16 2000 10k,9,87.08333333333333,0,86.875,0.2083333333333286
"(16, 30, 20)",Abel 16x16 750 100k,9,94.16666666666669,0,86.875,7.291666666666686
"(16, 30, 20)",Abel 4x4 100k 100,9,95.83333333333334,1,86.875,8.958333333333343
"(16, 30, 20)",Abel 8x8 10k 1k,9,95.83333333333334,1,86.875,8.958333333333343
"(16, 30, 20)",Kane + MCTS,9,95.83333333333334,1,86.875,8.958333333333343
"(16, 30, 20)",Abel 16x16 2000 10k,10,92.91666666666669,0,11.875,81.04166666666669
"(16, 30, 20)",Abel 16x16 750 100k,10,92.91666666666669,0,11.875,81.04166666666669
"(16, 30, 20)",Abel 4x4 100k 100,10,95.83333333333334,1,11.875,83.95833333333334
"(16, 30, 20)",Abel 8x8 10k 1k,10,95.83333333333334,1,11.875,83.95833333333334
"(16, 30, 20)",Kane + MCTS,10,95.83333333333334,1,11.875,83.95833333333334
"(16, 30, 20)",Abel 16x16 2000 10k,11,93.33333333333331,0,92.91666666666669,0.4166666666666287
"(16, 30, 20)",Abel 16x16 750 100k,11,93.125,0,92.91666666666669,0.2083333333333143
"(16, 30, 20)",Abel 4x4 100k 100,11,95.83333333333334,1,92.91666666666669,2.916666666666657
"(16, 30, 20)",Abel 8x8 10k 1k,11,95.83333333333334,1,92.91666666666669,2.916666666666657
"(16, 30, 20)",Kane + MCTS,11,95.83333333333334,1,92.91666666666669,2.916666666666657
"(16, 30, 20)",Abel 16x16 2000 10k,12,88.75,0,88.54166666666666,0.2083333333333428
"(16, 30, 20)",Abel 16x16 750 100k,12,94.16666666666669,0,88.54166666666666,5.625000000000028
"(16, 30, 20)",Abel 4x4 100k 100,12,95.83333333333334,1,88.54166666666666,7.291666666666686
"(16, 30, 20)",Abel 8x8 10k 1k,12,95.83333333333334,1,88.54166666666666,7.291666666666686
"(16, 30, 20)",Kane + MCTS,12,95.83333333333334,1,88.54166666666666,7.291666666666686
"(16, 30, 20)",Abel 16x16 2000 10k,13,94.79166666666666,0,94.375,0.4166666666666572
"(16, 30, 20)",Abel 16x16 750 100k,13,94.58333333333331,0,94.375,0.2083333333333143
"(16, 30, 20)",Abel 4x4 100k 100,13,95.83333333333334,1,94.375,1.4583333333333428
"(16, 30, 20)",Abel 8x8 10k 1k,13,95.83333333333334,1,94.375,1.4583333333333428
"(16, 30, 20)",Kane + MCTS,13,95.83333333333334,1,94.375,1.4583333333333428
"(16, 30, 20)",Abel 16x16 2000 10k,14,95.0,0,89.58333333333334,5.416666666666657
"(16, 30, 20)",Abel 16x16 750 100k,14,90.20833333333331,0,89.58333333333334,0.6249999999999716
"(16, 30, 20)",Abel 4x4 100k 100,14,95.83333333333334,1,89.58333333333334,6.25
"(16, 30, 20)",Abel 8x8 10k 1k,14,95.83333333333334,1,89.58333333333334,6.25
"(16, 30, 20)",Kane + MCTS,14,95.83333333333334,1,89.58333333333334,6.25
"(16, 30, 20)",Abel 16x16 2000 10k,15,92.70833333333334,0,92.5,0.2083333333333428
"(16, 30, 20)",Abel 16x16 750 100k,15,92.70833333333334,0,92.5,0.2083333333333428
"(16, 30, 20)",Abel 4x4 100k 100,15,95.83333333333334,1,92.5,3.333333333333343
"(16, 30, 20)",Abel 8x8 10k 1k,15,95.83333333333334,1,92.5,3.333333333333343
"(16, 30, 20)",Kane + MCTS,15,95.83333333333334,1,92.5,3.333333333333343
"(16, 30, 20)",Abel 16x16 2000 10k,16,93.125,0,92.91666666666669,0.2083333333333143
"(16, 30, 20)",Abel 16x16 750 100k,16,93.54166666666669,0,92.91666666666669,0.625
"(16, 30, 20)",Abel 4x4 100k 100,16,96.04166666666669,0,92.91666666666669,3.125
"(16, 30, 20)",Abel 8x8 10k 1k,16,96.04166666666669,0,92.91666666666669,3.125
"(16, 30, 20)",Kane + MCTS,16,95.83333333333334,1,92.91666666666669,2.916666666666657
"(16, 30, 20)",Abel 16x16 2000 10k,17,90.625,0,90.41666666666669,0.2083333333333143
"(16, 30, 20)",Abel 16x16 750 100k,17,90.625,0,90.41666666666669,0.2083333333333143
"(16, 30, 20)",Abel 4x4 100k 100,17,95.83333333333334,1,90.41666666666669,5.416666666666657
"(16, 30, 20)",Abel 8x8 10k 1k,17,95.83333333333334,1,90.41666666666669,5.416666666666657
"(16, 30, 20)",Kane + MCTS,17,95.83333333333334,1,90.41666666666669,5.416666666666657
"(16, 30, 20)",Abel 16x16 2000 10k,18,93.95833333333331,0,6.666666666666667,87.29166666666664
"(16, 30, 20)",Abel 16x16 750 100k,18,93.95833333333331,0,6.666666666666667,87.29166666666664
"(16, 30, 20)",Abel 4x4 100k 100,18,95.83333333333334,1,6.666666666666667,89.16666666666667
"(16, 30, 20)",Abel 8x8 10k 1k,18,95.83333333333334,1,6.666666666666667,89.16666666666667
"(16, 30, 20)",Kane + MCTS,18,95.83333333333334,1,6.666666666666667,89.16666666666667
"(16, 30, 20)",Abel 16x16 2000 10k,19,91.66666666666666,0,91.45833333333331,0.2083333333333428
"(16, 30, 20)",Abel 16x16 750 100k,19,91.66666666666666,0,91.45833333333331,0.2083333333333428
"(16, 30, 20)",Abel 4x4 100k 100,19,95.83333333333334,1,91.45833333333331,4.375000000000028
"(16, 30, 20)",Abel 8x8 10k 1k,19,95.83333333333334,1,91.45833333333331,4.375000000000028
"(16, 30, 20)",Kane + MCTS,19,95.83333333333334,1,91.45833333333331,4.375000000000028
"(16, 30, 20)",Abel 16x16 2000 10k,20,93.33333333333331,0,93.125,0.2083333333333143
"(16, 30, 20)",Abel 16x16 750 100k,20,93.33333333333331,0,93.125,0.2083333333333143
"(16, 30, 20)",Abel 4x4 100k 100,20,95.83333333333334,1,93.125,2.708333333333343
"(16, 30, 20)",Abel 8x8 10k 1k,20,95.83333333333334,1,93.125,2.708333333333343
"(16, 30, 20)",Kane + MCTS,20,95.83333333333334,1,93.125,2.708333333333343
"(16, 30, 99)",Abel 16x16 2000 10k,1,2.083333333333333,0,1.25,0.833333333333333
"(16, 30, 99)",Abel 16x16 750 100k,1,2.2916666666666665,0,1.25,1.0416666666666663
"(16, 30, 99)",Abel 4x4 100k 100,1,3.333333333333333,0,1.25,2.083333333333333
"(16, 30, 99)",Abel 8x8 10k 1k,1,2.083333333333333,0,1.25,0.833333333333333
"(16, 30, 99)",Kane + MCTS,1,1.4583333333333333,0,1.25,0.2083333333333332
"(16, 30, 99)",Abel 16x16 2000 10k,2,3.958333333333333,0,1.25,2.708333333333333
"(16, 30, 99)",Abel 16x16 750 100k,2,1.875,0,1.25,0.625
"(16, 30, 99)",Abel 4x4 100k 100,2,5.833333333333333,0,1.25,4.583333333333333
"(16, 30, 99)",Abel 8x8 10k 1k,2,2.5,0,1.25,1.25
"(16, 30, 99)",Kane + MCTS,2,2.2916666666666665,0,1.25,1.0416666666666663
"(16, 30, 99)",Abel 16x16 2000 10k,3,3.5416666666666665,0,3.125,0.4166666666666665
"(16, 30, 99)",Abel 16x16 750 100k,3,3.958333333333333,0,3.125,0.833333333333333
"(16, 30, 99)",Abel 4x4 100k 100,3,7.708333333333334,0,3.125,4.583333333333334
"(16, 30, 99)",Abel 8x8 10k 1k,3,6.666666666666667,0,3.125,3.541666666666667
"(16, 30, 99)",Kane + MCTS,3,4.375,0,3.125,1.25
"(16, 30, 99)",Abel 16x16 2000 10k,4,3.125,0,1.6666666666666667,1.4583333333333333
"(16, 30, 99)",Abel 16x16 750 100k,4,3.333333333333333,0,1.6666666666666667,1.6666666666666663
"(16, 30, 99)",Abel 4x4 100k 100,4,3.5416666666666665,0,1.6666666666666667,1.875
"(16, 30, 99)",Abel 8x8 10k 1k,4,2.708333333333333,0,1.6666666666666667,1.0416666666666663
"(16, 30, 99)",Kane + MCTS,4,2.2916666666666665,0,1.6666666666666667,0.6249999999999998
"(16, 30, 99)",Abel 16x16 2000 10k,5,1.6666666666666667,0,0.2083333333333333,1.4583333333333337
"(16, 30, 99)",Abel 16x16 750 100k,5,1.6666666666666667,0,0.2083333333333333,1.4583333333333337
"(16, 30, 99)",Abel 4x4 100k 100,5,2.083333333333333,0,0.2083333333333333,1.875
"(16, 30, 99)",Abel 8x8 10k 1k,5,1.875,0,0.2083333333333333,1.6666666666666667
"(16, 30, 99)",Kane + MCTS,5,1.4583333333333333,0,0.2083333333333333,1.25
"(16, 30, 99)",Abel 16x16 2000 10k,6,3.333333333333333,0,1.875,1.458333333333333
"(16, 30, 99)",Abel 16x16 750 100k,6,3.333333333333333,0,1.875,1.458333333333333
"(16, 30, 99)",Abel 4x4 100k 100,6,4.583333333333333,0,1.875,2.708333333333333
"(16, 30, 99)",Abel 8x8 10k 1k,6,4.375,0,1.875,2.5
"(16, 30, 99)",Kane + MCTS,6,3.75,0,1.875,1.875
"(16, 30, 99)",Abel 16x16 2000 10k,7,2.708333333333333,0,1.875,0.833333333333333
"(16, 30, 99)",Abel 16x16 750 100k,7,2.9166666666666665,0,1.875,1.0416666666666663
"(16, 30, 99)",Abel 4x4 100k 100,7,4.583333333333333,0,1.875,2.708333333333333
"(16, 30, 99)",Abel 8x8 10k 1k,7,4.375,0,1.875,2.5
"(16, 30, 99)",Kane + MCTS,7,4.166666666666666,0,1.875,2.291666666666666
"(16, 30, 99)",Abel 16x16 2000 10k,8,2.2916666666666665,0,1.25,1.0416666666666663
"(16, 30, 99)",Abel 16x16 750 100k,8,1.6666666666666667,0,1.25,0.4166666666666667
"(16, 30, 99)",Abel 4x4 100k 100,8,5.416666666666667,0,1.25,4.166666666666667
"(16, 30, 99)",Abel 8x8 10k 1k,8,5.0,0,1.25,3.75
"(16, 30, 99)",Kane + MCTS,8,2.083333333333333,0,1.25,0.833333333333333
"(16, 30, 99)",Abel 16x16 2000 10k,9,0.625,0,0.2083333333333333,0.4166666666666667
"(16, 30, 99)",Abel 16x16 750 100k,9,0.625,0,0.2083333333333333,0.4166666666666667
"(16, 30, 99)",Abel 4x4 100k 100,9,2.2916666666666665,0,0.2083333333333333,2.083333333333333
"(16, 30, 99)",Abel 8x8 10k 1k,9,1.875,0,0.2083333333333333,1.6666666666666667
"(16, 30, 99)",Kane + MCTS,9,0.8333333333333334,0,0.2083333333333333,0.6250000000000001
"(16, 30, 99)",Abel 16x16 2000 10k,10,2.083333333333333,0,1.25,0.833333333333333
"(16, 30, 99)",Abel 16x16 750 100k,10,3.125,0,1.25,1.875
"(16, 30, 99)",Abel 4x4 100k 100,10,2.2916666666666665,0,1.25,1.0416666666666663
"(16, 30, 99)",Abel 8x8 10k 1k,10,2.083333333333333,0,1.25,0.833333333333333
"(16, 30, 99)",Kane + MCTS,10,1.4583333333333333,0,1.25,0.2083333333333332
"(16, 30, 99)",Abel 16x16 2000 10k,11,4.791666666666667,0,1.875,2.916666666666667
"(16, 30, 99)",Abel 16x16 750 100k,11,3.5416666666666665,0,1.875,1.6666666666666663
"(16, 30, 99)",Abel 4x4 100k 100,11,4.166666666666666,0,1.875,2.291666666666666
"(16, 30, 99)",Abel 8x8 10k 1k,11,3.5416666666666665,0,1.875,1.6666666666666663
"(16, 30, 99)",Kane + MCTS,11,2.9166666666666665,0,1.875,1.0416666666666663
"(16, 30, 99)",Abel 16x16 2000 10k,12,5.0,0,1.25,3.75
"(16, 30, 99)",Abel 16x16 750 100k,12,1.4583333333333333,0,1.25,0.2083333333333332
"(16, 30, 99)",Abel 4x4 100k 100,12,5.0,0,1.25,3.75
"(16, 30, 99)",Abel 8x8 10k 1k,12,2.708333333333333,0,1.25,1.458333333333333
"(16, 30, 99)",Kane + MCTS,12,1.4583333333333333,0,1.25,0.2083333333333332
"(16, 30, 99)",Abel 16x16 2000 10k,13,2.2916666666666665,0,1.875,0.4166666666666665
"(16, 30, 99)",Abel 16x16 750 100k,13,2.9166666666666665,0,1.875,1.0416666666666663
"(16, 30, 99)",Abel 4x4 100k 100,13,5.0,0,1.875,3.125
"(16, 30, 99)",Abel 8x8 10k 1k,13,2.5,0,1.875,0.625
"(16, 30, 99)",Kane + MCTS,13,2.2916666666666665,0,1.875,0.4166666666666665
"(16, 30, 99)",Abel 16x16 2000 10k,14,2.708333333333333,0,1.25,1.458333333333333
"(16, 30, 99)",Abel 16x16 750 100k,14,2.2916666666666665,0,1.25,1.0416666666666663
"(16, 30, 99)",Abel 4x4 100k 100,14,3.333333333333333,0,1.25,2.083333333333333
"(16, 30, 99)",Abel 8x8 10k 1k,14,1.875,0,1.25,0.625
"(16, 30, 99)",Kane + MCTS,14,1.6666666666666667,0,1.25,0.4166666666666667
"(16, 30, 99)",Abel 16x16 2000 10k,15,2.708333333333333,0,1.25,1.458333333333333
"(16, 30, 99)",Abel 16x16 750 100k,15,3.5416666666666665,0,1.25,2.2916666666666665
"(16, 30, 99)",Abel 4x4 100k 100,15,3.125,0,1.25,1.875
"(16, 30, 99)",Abel 8x8 10k 1k,15,2.708333333333333,0,1.25,1.458333333333333
"(16, 30, 99)",Kane + MCTS,15,2.5,0,1.25,1.25
"(16, 30, 99)",Abel 16x16 2000 10k,16,2.2916666666666665,0,1.6666666666666667,0.6249999999999998
"(16, 30, 99)",Abel 16x16 750 100k,16,1.875,0,1.6666666666666667,0.2083333333333332
"(16, 30, 99)",Abel 4x4 100k 100,16,3.75,0,1.6666666666666667,2.083333333333333
"(16, 30, 99)",Abel 8x8 10k 1k,16,3.125,0,1.6666666666666667,1.4583333333333333
"(16, 30, 99)",Kane + MCTS,16,1.875,0,1.6666666666666667,0.2083333333333332
"(16, 30, 99)",Abel 16x16 2000 10k,17,2.5,0,1.875,0.625
"(16, 30, 99)",Abel 16x16 750 100k,17,3.75,0,1.875,1.875
"(16, 30, 99)",Abel 4x4 100k 100,17,81.04166666666667,0,1.875,79.16666666666667
"(16, 30, 99)",Abel 8x8 10k 1k,17,81.04166666666667,0,1.875,79.16666666666667
"(16, 30, 99)",Kane + MCTS,17,80.83333333333333,1,1.875,78.95833333333333
"(16, 30, 99)",Abel 16x16 2000 10k,18,1.4583333333333333,0,1.25,0.2083333333333332
"(16, 30, 99)",Abel 16x16 750 100k,18,5.833333333333333,0,1.25,4.583333333333333
"(16, 30, 99)",Abel 4x4 100k 100,18,80.83333333333333,0,1.25,79.58333333333333
"(16, 30, 99)",Abel 8x8 10k 1k,18,80.83333333333333,0,1.25,79.58333333333333
"(16, 30, 99)",Kane + MCTS,18,80.625,1,1.25,79.375
"(16, 30, 99)",Abel 16x16 2000 10k,19,4.166666666666666,0,1.875,2.291666666666666
"(16, 30, 99)",Abel 16x16 750 100k,19,3.75,0,1.875,1.875
"(16, 30, 99)",Abel 4x4 100k 100,19,3.5416666666666665,0,1.875,1.6666666666666663
"(16, 30, 99)",Abel 8x8 10k 1k,19,3.333333333333333,0,1.875,1.458333333333333
"(16, 30, 99)",Kane + MCTS,19,2.083333333333333,0,1.875,0.208333333333333
"(16, 30, 99)",Abel 16x16 2000 10k,20,1.6666666666666667,0,1.25,0.4166666666666667
"(16, 30, 99)",Abel 16x16 750 100k,20,1.4583333333333333,0,1.25,0.2083333333333332
"(16, 30, 99)",Abel 4x4 100k 100,20,2.9166666666666665,0,1.25,1.6666666666666663
"(16, 30, 99)",Abel 8x8 10k 1k,20,2.708333333333333,0,1.25,1.458333333333333
"(16, 30, 99)",Kane + MCTS,20,2.083333333333333,0,1.25,0.833333333333333
"(8, 8, 10)",Abel 16x16 2000 10k,1,25.0,0,9.375,15.625
"(8, 8, 10)",Abel 16x16 750 100k,1,65.625,0,9.375,56.25
"(8, 8, 10)",Abel 4x4 100k 100,1,20.3125,0,9.375,10.9375
"(8, 8, 10)",Abel 8x8 10k 1k,1,12.5,0,9.375,3.125
"(8, 8, 10)",Kane + MCTS,1,10.9375,0,9.375,1.5625
"(8, 8, 10)",Abel 16x16 2000 10k,2,39.0625,0,34.375,4.6875
"(8, 8, 10)",Abel 16x16 750 100k,2,37.5,0,34.375,3.125
"(8, 8, 10)",Abel 4x4 100k 100,2,57.8125,0,34.375,23.4375
"(8, 8, 10)",Abel 8x8 10k 1k,2,53.125,0,34.375,18.75
"(8, 8, 10)",Kane + MCTS,2,51.5625,0,34.375,17.1875
"(8, 8, 10)",Abel 16x16 2000 10k,3,21.875,0,9.375,12.5
"(8, 8, 10)",Abel 16x16 750 100k,3,35.9375,0,9.375,26.5625
"(8, 8, 10)",Abel 4x4 100k 100,3,87.5,0,9.375,78.125
"(8, 8, 10)",Abel 8x8 10k 1k,3,43.75,0,9.375,34.375
"(8, 8, 10)",Kane + MCTS,3,40.625,0,9.375,31.25
"(8, 8, 10)",Abel 16x16 2000 10k,4,28.125,0,12.5,15.625
"(8, 8, 10)",Abel 16x16 750 100k,4,26.5625,0,12.5,14.0625
"(8, 8, 10)",Abel 4x4 100k 100,4,84.375,1,12.5,71.875
"(8, 8, 10)",Abel 8x8 10k 1k,4,84.375,1,12.5,71.875
"(8, 8, 10)",Kane + MCTS,4,84.375,1,12.5,71.875
"(8, 8, 10)",Abel 16x16 2000 10k,5,10.9375,0,9.375,1.5625
"(8, 8, 10)",Abel 16x16 750 100k,5,42.1875,0,9.375,32.8125
"(8, 8, 10)",Abel 4x4 100k 100,5,84.375,1,9.375,75.0
"(8, 8, 10)",Abel 8x8 10k 1k,5,84.375,1,9.375,75.0
"(8, 8, 10)",Kane + MCTS,5,84.375,1,9.375,75.0
"(8, 8, 10)",Abel 16x16 2000 10k,6,21.875,0,14.0625,7.8125
"(8, 8, 10)",Abel 16x16 750 100k,6,42.1875,0,14.0625,28.125
"(8, 8, 10)",Abel 4x4 100k 100,6,54.6875,0,14.0625,40.625
"(8, 8, 10)",Abel 8x8 10k 1k,6,17.1875,0,14.0625,3.125
"(8, 8, 10)",Kane + MCTS,6,15.625,0,14.0625,1.5625
"(8, 8, 10)",Abel 16x16 2000 10k,7,20.3125,0,17.1875,3.125
"(8, 8, 10)",Abel 16x16 750 100k,7,29.6875,0,17.1875,12.5
"(8, 8, 10)",Abel 4x4 100k 100,7,56.25,0,17.1875,39.0625
"(8, 8, 10)",Abel 8x8 10k 1k,7,54.6875,0,17.1875,37.5
"(8, 8, 10)",Kane + MCTS,7,26.5625,0,17.1875,9.375
"(8, 8, 10)",Abel 16x16 2000 10k,8,34.375,0,32.8125,1.5625
"(8, 8, 10)",Abel 16x16 750 100k,8,43.75,0,32.8125,10.9375
"(8, 8, 10)",Abel 4x4 100k 100,8,84.375,1,32.8125,51.5625
"(8, 8, 10)",Abel 8x8 10k 1k,8,79.6875,0,32.8125,46.875
"(8, 8, 10)",Kane + MCTS,8,78.125,0,32.8125,45.3125
"(8, 8, 10)",Abel 16x16 2000 10k,9,29.6875,0,26.5625,3.125
"(8, 8, 10)",Abel 16x16 750 100k,9,37.5,0,26.5625,10.9375
"(8, 8, 10)",Abel 4x4 100k 100,9,37.5,0,26.5625,10.9375
"(8, 8, 10)",Abel 8x8 10k 1k,9,32.8125,0,26.5625,6.25
"(8, 8, 10)",Kane + MCTS,9,29.6875,0,26.5625,3.125
"(8, 8, 10)",Abel 16x16 2000 10k,10,26.5625,0,15.625,10.9375
"(8, 8, 10)",Abel 16x16 750 100k,10,18.75,0,15.625,3.125
"(8, 8, 10)",Abel 4x4 100k 100,10,57.8125,0,15.625,42.1875
"(8, 8, 10)",Abel 8x8 10k 1k,10,56.25,0,15.625,40.625
"(8, 8, 10)",Kane + MCTS,10,17.1875,0,15.625,1.5625
"(8, 8, 10)",Abel 16x16 2000 10k,11,17.1875,0,14.0625,3.125
"(8, 8, 10)",Abel 16x16 750 100k,11,17.1875,0,14.0625,3.125
"(8, 8, 10)",Abel 4x4 100k 100,11,84.375,1,14.0625,70.3125
"(8, 8, 10)",Abel 8x8 10k 1k,11,84.375,1,14.0625,70.3125
"(8, 8, 10)",Kane + MCTS,11,84.375,1,14.0625,70.3125
"(8, 8, 10)",Abel 16x16 2000 10k,12,12.5,0,9.375,3.125
"(8, 8, 10)",Abel 16x16 750 100k,12,28.125,0,9.375,18.75
"(8, 8, 10)",Abel 4x4 100k 100,12,35.9375,0,9.375,26.5625
"(8, 8, 10)",Abel 8x8 10k 1k,12,31.25,0,9.375,21.875
"(8, 8, 10)",Kane + MCTS,12,10.9375,0,9.375,1.5625
"(8, 8, 10)",Abel 16x16 2000 10k,13,18.75,0,14.0625,4.6875
"(8, 8, 10)",Abel 16x16 750 100k,13,20.3125,0,14.0625,6.25
"(8, 8, 10)",Abel 4x4 100k 100,13,35.9375,0,14.0625,21.875
"(8, 8, 10)",Abel 8x8 10k 1k,13,32.8125,0,14.0625,18.75
"(8, 8, 10)",Kane + MCTS,13,15.625,0,14.0625,1.5625
"(8, 8, 10)",Abel 16x16 2000 10k,14,20.3125,0,17.1875,3.125
"(8, 8, 10)",Abel 16x16 750 100k,14,20.3125,0,17.1875,3.125
"(8, 8, 10)",Abel 4x4 100k 100,14,85.9375,0,17.1875,68.75
"(8, 8, 10)",Abel 8x8 10k 1k,14,85.9375,0,17.1875,68.75
"(8, 8, 10)",Kane + MCTS,14,84.375,1,17.1875,67.1875
"(8, 8, 10)",Abel 16x16 2000 10k,15,51.5625,0,12.5,39.0625
"(8, 8, 10)",Abel 16x16 750 100k,15,37.5,0,12.5,25.0
"(8, 8, 10)",Abel 4x4 100k 100,15,48.4375,0,12.5,35.9375
"(8, 8, 10)",Abel 8x8 10k 1k,15,21.875,0,12.5,9.375
"(8, 8, 10)",Kane + MCTS,15,14.0625,0,12.5,1.5625
"(8, 8, 10)",Abel 16x16 2000 10k,16,59.375,0,48.4375,10.9375
"(8, 8, 10)",Abel 16x16 750 100k,16,50.0,0,48.4375,1.5625
"(8, 8, 10)",Abel 4x4 100k 100,16,84.375,1,48.4375,35.9375
"(8, 8, 10)",Abel 8x8 10k 1k,16,84.375,1,48.4375,35.9375
"(8, 8, 10)",Kane + MCTS,16,84.375,1,48.4375,35.9375
"(8, 8, 10)",Abel 16x16 2000 10k,17,40.625,0,6.25,34.375
"(8, 8, 10)",Abel 16x16 750 100k,17,12.5,0,6.25,6.25
"(8, 8, 10)",Abel 4x4 100k 100,17,84.375,1,6.25,78.125
"(8, 8, 10)",Abel 8x8 10k 1k,17,84.375,1,6.25,78.125
"(8, 8, 10)",Kane + MCTS,17,84.375,1,6.25,78.125
"(8, 8, 10)",Abel 16x16 2000 10k,18,20.3125,0,18.75,1.5625
"(8, 8, 10)",Abel 16x16 750 100k,18,60.9375,0,18.75,42.1875
"(8, 8, 10)",Abel 4x4 100k 100,18,35.9375,0,18.75,17.1875
"(8, 8, 10)",Abel 8x8 10k 1k,18,28.125,0,18.75,9.375
"(8, 8, 10)",Kane + MCTS,18,26.5625,0,18.75,7.8125
"(8, 8, 10)",Abel 16x16 2000 10k,19,15.625,0,14.0625,1.5625
"(8, 8, 10)",Abel 16x16 750 100k,19,32.8125,0,14.0625,18.75
"(8, 8, 10)",Abel 4x4 100k 100,19,59.375,0,14.0625,45.3125
"(8, 8, 10)",Abel 8x8 10k 1k,19,39.0625,0,14.0625,25.0
"(8, 8, 10)",Kane + MCTS,19,15.625,0,14.0625,1.5625
"(8, 8, 10)",Abel 16x16 2000 10k,20,46.875,0,45.3125,1.5625
"(8, 8, 10)",Abel 16x16 750 100k,20,56.25,0,45.3125,10.9375
"(8, 8, 10)",Abel 4x4 100k 100,20,84.375,1,45.3125,39.0625
"(8, 8, 10)",Abel 8x8 10k 1k,20,84.375,1,45.3125,39.0625
"(8, 8, 10)",Kane + MCTS,20,84.375,1,45.3125,39.0625
"(8, 8, 2)",Abel 16x16 2000 10k,1,96.875,1,96.875,0.0
"(8, 8, 2)",Abel 16x16 750 100k,1,96.875,1,96.875,0.0
"(8, 8, 2)",Abel 4x4 100k 100,1,98.4375,0,96.875,1.5625
"(8, 8, 2)",Abel 8x8 10k 1k,1,98.4375,0,96.875,1.5625
"(8, 8, 2)",Kane + MCTS,1,96.875,1,96.875,0.0
"(8, 8, 2)",Abel 16x16 2000 10k,2,96.875,1,95.3125,1.5625
"(8, 8, 2)",Abel 16x16 750 100k,2,96.875,1,95.3125,1.5625
"(8, 8, 2)",Abel 4x4 100k 100,2,96.875,1,95.3125,1.5625
"(8, 8, 2)",Abel 8x8 10k 1k,2,96.875,1,95.3125,1.5625
"(8, 8, 2)",Kane + MCTS,2,96.875,1,95.3125,1.5625
"(8, 8, 2)",Abel 16x16 2000 10k,3,96.875,1,95.3125,1.5625
"(8, 8, 2)",Abel 16x16 750 100k,3,96.875,1,95.3125,1.5625
"(8, 8, 2)",Abel 4x4 100k 100,3,96.875,1,95.3125,1.5625
"(8, 8, 2)",Abel 8x8 10k 1k,3,96.875,1,95.3125,1.5625
"(8, 8, 2)",Kane + MCTS,3,96.875,1,95.3125,1.5625
"(8, 8, 2)",Abel 16x16 2000 10k,4,96.875,1,93.75,3.125
"(8, 8, 2)",Abel 16x16 750 100k,4,96.875,1,93.75,3.125
"(8, 8, 2)",Abel 4x4 100k 100,4,96.875,1,93.75,3.125
"(8, 8, 2)",Abel 8x8 10k 1k,4,96.875,1,93.75,3.125
"(8, 8, 2)",Kane + MCTS,4,96.875,1,93.75,3.125
"(8, 8, 2)",Abel 16x16 2000 10k,5,96.875,1,95.3125,1.5625
"(8, 8, 2)",Abel 16x16 750 100k,5,96.875,1,95.3125,1.5625
"(8, 8, 2)",Abel 4x4 100k 100,5,96.875,1,95.3125,1.5625
"(8, 8, 2)",Abel 8x8 10k 1k,5,96.875,1,95.3125,1.5625
"(8, 8, 2)",Kane + MCTS,5,96.875,1,95.3125,1.5625
"(8, 8, 2)",Abel 16x16 2000 10k,6,95.3125,0,93.75,1.5625
"(8, 8, 2)",Abel 16x16 750 100k,6,95.3125,0,93.75,1.5625
"(8, 8, 2)",Abel 4x4 100k 100,6,96.875,1,93.75,3.125
"(8, 8, 2)",Abel 8x8 10k 1k,6,96.875,1,93.75,3.125
"(8, 8, 2)",Kane + MCTS,6,96.875,1,93.75,3.125
"(8, 8, 2)",Abel 16x16 2000 10k,7,96.875,1,96.875,0.0
"(8, 8, 2)",Abel 16x16 750 100k,7,96.875,1,96.875,0.0
"(8, 8, 2)",Abel 4x4 100k 100,7,98.4375,0,96.875,1.5625
"(8, 8, 2)",Abel 8x8 10k 1k,7,98.4375,0,96.875,1.5625
"(8, 8, 2)",Kane + MCTS,7,96.875,1,96.875,0.0
"(8, 8, 2)",Abel 16x16 2000 10k,8,96.875,1,96.875,0.0
"(8, 8, 2)",Abel 16x16 750 100k,8,96.875,1,96.875,0.0
"(8, 8, 2)",Abel 4x4 100k 100,8,98.4375,0,96.875,1.5625
"(8, 8, 2)",Abel 8x8 10k 1k,8,98.4375,0,96.875,1.5625
"(8, 8, 2)",Kane + MCTS,8,96.875,1,96.875,0.0
"(8, 8, 2)",Abel 16x16 2000 10k,9,93.75,0,92.1875,1.5625
"(8, 8, 2)",Abel 16x16 750 100k,9,93.75,0,92.1875,1.5625
"(8, 8, 2)",Abel 4x4 100k 100,9,96.875,1,92.1875,4.6875
"(8, 8, 2)",Abel 8x8 10k 1k,9,96.875,1,92.1875,4.6875
"(8, 8, 2)",Kane + MCTS,9,96.875,1,92.1875,4.6875
"(8, 8, 2)",Abel 16x16 2000 10k,10,96.875,1,96.875,0.0
"(8, 8, 2)",Abel 16x16 750 100k,10,96.875,1,96.875,0.0
"(8, 8, 2)",Abel 4x4 100k 100,10,98.4375,0,96.875,1.5625
"(8, 8, 2)",Abel 8x8 10k 1k,10,98.4375,0,96.875,1.5625
"(8, 8, 2)",Kane + MCTS,10,96.875,1,96.875,0.0
"(8, 8, 2)",Abel 16x16 2000 10k,11,96.875,1,95.3125,1.5625
"(8, 8, 2)",Abel 16x16 750 100k,11,96.875,1,95.3125,1.5625
"(8, 8, 2)",Abel 4x4 100k 100,11,96.875,1,95.3125,1.5625
"(8, 8, 2)",Abel 8x8 10k 1k,11,96.875,1,95.3125,1.5625
"(8, 8, 2)",Kane + MCTS,11,96.875,1,95.3125,1.5625
"(8, 8, 2)",Abel 16x16 2000 10k,12,96.875,1,95.3125,1.5625
"(8, 8, 2)",Abel 16x16 750 100k,12,96.875,1,95.3125,1.5625
"(8, 8, 2)",Abel 4x4 100k 100,12,96.875,1,95.3125,1.5625
"(8, 8, 2)",Abel 8x8 10k 1k,12,96.875,1,95.3125,1.5625
"(8, 8, 2)",Kane + MCTS,12,96.875,1,95.3125,1.5625
"(8, 8, 2)",Abel 16x16 2000 10k,13,96.875,1,96.875,0.0
"(8, 8, 2)",Abel 16x16 750 100k,13,96.875,1,96.875,0.0
"(8, 8, 2)",Abel 4x4 100k 100,13,98.4375,0,96.875,1.5625
"(8, 8, 2)",Abel 8x8 10k 1k,13,98.4375,0,96.875,1.5625
"(8, 8, 2)",Kane + MCTS,13,96.875,1,96.875,0.0
"(8, 8, 2)",Abel 16x16 2000 10k,14,96.875,1,93.75,3.125
"(8, 8, 2)",Abel 16x16 750 100k,14,96.875,1,93.75,3.125
"(8, 8, 2)",Abel 4x4 100k 100,14,96.875,1,93.75,3.125
"(8, 8, 2)",Abel 8x8 10k 1k,14,96.875,1,93.75,3.125
"(8, 8, 2)",Kane + MCTS,14,96.875,1,93.75,3.125
"(8, 8, 2)",Abel 16x16 2000 10k,15,96.875,1,93.75,3.125
"(8, 8, 2)",Abel 16x16 750 100k,15,95.3125,0,93.75,1.5625
"(8, 8, 2)",Abel 4x4 100k 100,15,96.875,1,93.75,3.125
"(8, 8, 2)",Abel 8x8 10k 1k,15,96.875,1,93.75,3.125
"(8, 8, 2)",Kane + MCTS,15,96.875,1,93.75,3.125
"(8, 8, 2)",Abel 16x16 2000 10k,16,96.875,1,93.75,3.125
"(8, 8, 2)",Abel 16x16 750 100k,16,95.3125,0,93.75,1.5625
"(8, 8, 2)",Abel 4x4 100k 100,16,96.875,1,93.75,3.125
"(8, 8, 2)",Abel 8x8 10k 1k,16,96.875,1,93.75,3.125
"(8, 8, 2)",Kane + MCTS,16,96.875,1,93.75,3.125
"(8, 8, 2)",Abel 16x16 2000 10k,17,96.875,1,93.75,3.125
"(8, 8, 2)",Abel 16x16 750 100k,17,95.3125,0,93.75,1.5625
"(8, 8, 2)",Abel 4x4 100k 100,17,96.875,1,93.75,3.125
"(8, 8, 2)",Abel 8x8 10k 1k,17,96.875,1,93.75,3.125
"(8, 8, 2)",Kane + MCTS,17,96.875,1,93.75,3.125
"(8, 8, 2)",Abel 16x16 2000 10k,18,96.875,1,95.3125,1.5625
"(8, 8, 2)",Abel 16x16 750 100k,18,96.875,1,95.3125,1.5625
"(8, 8, 2)",Abel 4x4 100k 100,18,96.875,1,95.3125,1.5625
"(8, 8, 2)",Abel 8x8 10k 1k,18,96.875,1,95.3125,1.5625
"(8, 8, 2)",Kane + MCTS,18,96.875,1,95.3125,1.5625
"(8, 8, 2)",Abel 16x16 2000 10k,19,96.875,1,93.75,3.125
"(8, 8, 2)",Abel 16x16 750 100k,19,96.875,1,93.75,3.125
"(8, 8, 2)",Abel 4x4 100k 100,19,96.875,1,93.75,3.125
"(8, 8, 2)",Abel 8x8 10k 1k,19,96.875,1,93.75,3.125
"(8, 8, 2)",Kane + MCTS,19,96.875,1,93.75,3.125
"(8, 8, 2)",Abel 16x16 2000 10k,20,96.875,1,96.875,0.0
"(8, 8, 2)",Abel 16x16 750 100k,20,96.875,1,96.875,0.0
"(8, 8, 2)",Abel 4x4 100k 100,20,98.4375,0,96.875,1.5625
"(8, 8, 2)",Abel 8x8 10k 1k,20,98.4375,0,96.875,1.5625
"(8, 8, 2)",Kane + MCTS,20,96.875,1,96.875,0.0
"(8, 8, 20)",Abel 16x16 2000 10k,1,4.6875,0,1.5625,3.125
"(8, 8, 20)",Abel 16x16 750 100k,1,7.8125,0,1.5625,6.25
"(8, 8, 20)",Abel 4x4 100k 100,1,12.5,0,1.5625,10.9375
"(8, 8, 20)",Abel 8x8 10k 1k,1,9.375,0,1.5625,7.8125
"(8, 8, 20)",Kane + MCTS,1,7.8125,0,1.5625,6.25
"(8, 8, 20)",Abel 16x16 2000 10k,2,4.6875,0,1.5625,3.125
"(8, 8, 20)",Abel 16x16 750 100k,2,15.625,0,1.5625,14.0625
"(8, 8, 20)",Abel 4x4 100k 100,2,7.8125,0,1.5625,6.25
"(8, 8, 20)",Abel 8x8 10k 1k,2,6.25,0,1.5625,4.6875
"(8, 8, 20)",Kane + MCTS,2,4.6875,0,1.5625,3.125
"(8, 8, 20)",Abel 16x16 2000 10k,3,6.25,0,1.5625,4.6875
"(8, 8, 20)",Abel 16x16 750 100k,3,4.6875,0,1.5625,3.125
"(8, 8, 20)",Abel 4x4 100k 100,3,26.5625,0,1.5625,25.0
"(8, 8, 20)",Abel 8x8 10k 1k,3,20.3125,0,1.5625,18.75
"(8, 8, 20)",Kane + MCTS,3,14.0625,0,1.5625,12.5
"(8, 8, 20)",Abel 16x16 2000 10k,4,9.375,0,1.5625,7.8125
"(8, 8, 20)",Abel 16x16 750 100k,4,10.9375,0,1.5625,9.375
"(8, 8, 20)",Abel 4x4 100k 100,4,28.125,0,1.5625,26.5625
"(8, 8, 20)",Abel 8x8 10k 1k,4,26.5625,0,1.5625,25.0
"(8, 8, 20)",Kane + MCTS,4,7.8125,0,1.5625,6.25
"(8, 8, 20)",Abel 16x16 2000 10k,5,14.0625,0,1.5625,12.5
"(8, 8, 20)",Abel 16x16 750 100k,5,23.4375,0,1.5625,21.875
"(8, 8, 20)",Abel 4x4 100k 100,5,26.5625,0,1.5625,25.0
"(8, 8, 20)",Abel 8x8 10k 1k,5,15.625,0,1.5625,14.0625
"(8, 8, 20)",Kane + MCTS,5,9.375,0,1.5625,7.8125
"(8, 8, 20)",Abel 16x16 2000 10k,6,9.375,0,1.5625,7.8125
"(8, 8, 20)",Abel 16x16 750 100k,6,15.625,0,1.5625,14.0625
"(8, 8, 20)",Abel 4x4 100k 100,6,10.9375,0,1.5625,9.375
"(8, 8, 20)",Abel 8x8 10k 1k,6,6.25,0,1.5625,4.6875
"(8, 8, 20)",Kane + MCTS,6,3.125,0,1.5625,1.5625
"(8, 8, 20)",Abel 16x16 2000 10k,7,15.625,0,1.5625,14.0625
"(8, 8, 20)",Abel 16x16 750 100k,7,10.9375,0,1.5625,9.375
"(8, 8, 20)",Abel 4x4 100k 100,7,15.625,0,1.5625,14.0625
"(8, 8, 20)",Abel 8x8 10k 1k,7,14.0625,0,1.5625,12.5
"(8, 8, 20)",Kane + MCTS,7,3.125,0,1.5625,1.5625
"(8, 8, 20)",Abel 16x16 2000 10k,8,10.9375,0,1.5625,9.375
"(8, 8, 20)",Abel 16x16 750 100k,8,23.4375,0,1.5625,21.875
"(8, 8, 20)",Abel 4x4 100k 100,8,39.0625,0,1.5625,37.5
"(8, 8, 20)",Abel 8x8 10k 1k,8,15.625,0,1.5625,14.0625
"(8, 8, 20)",Kane + MCTS,8,3.125,0,1.5625,1.5625
"(8, 8, 20)",Abel 16x16 2000 10k,9,9.375,0,1.5625,7.8125
"(8, 8, 20)",Abel 16x16 750 100k,9,6.25,0,1.5625,4.6875
"(8, 8, 20)",Abel 4x4 100k 100,9,78.125,1,1.5625,76.5625
"(8, 8, 20)",Abel 8x8 10k 1k,9,78.125,1,1.5625,76.5625
"(8, 8, 20)",Kane + MCTS,9,78.125,1,1.5625,76.5625
"(8, 8, 20)",Abel 16x16 2000 10k,10,6.25,0,1.5625,4.6875
"(8, 8, 20)",Abel 16x16 750 100k,10,3.125,0,1.5625,1.5625
"(8, 8, 20)",Abel 4x4 100k 100,10,12.5,0,1.5625,10.9375
"(8, 8, 20)",Abel 8x8 10k 1k,10,9.375,0,1.5625,7.8125
"(8, 8, 20)",Kane + MCTS,10,6.25,0,1.5625,4.6875
"(8, 8, 20)",Abel 16x16 2000 10k,11,4.6875,0,1.5625,3.125
"(8, 8, 20)",Abel 16x16 750 100k,11,17.1875,0,1.5625,15.625
"(8, 8, 20)",Abel 4x4 100k 100,11,18.75,0,1.5625,17.1875
"(8, 8, 20)",Abel 8x8 10k 1k,11,10.9375,0,1.5625,9.375
"(8, 8, 20)",Kane + MCTS,11,4.6875,0,1.5625,3.125
"(8, 8, 20)",Abel 16x16 2000 10k,12,12.5,0,1.5625,10.9375
"(8, 8, 20)",Abel 16x16 750 100k,12,10.9375,0,1.5625,9.375
"(8, 8, 20)",Abel 4x4 100k 100,12,9.375,0,1.5625,7.8125
"(8, 8, 20)",Abel 8x8 10k 1k,12,7.8125,0,1.5625,6.25
"(8, 8, 20)",Kane + MCTS,12,3.125,0,1.5625,1.5625
"(8, 8, 20)",Abel 16x16 2000 10k,13,3.125,0,1.5625,1.5625
"(8, 8, 20)",Abel 16x16 750 100k,13,9.375,0,1.5625,7.8125
"(8, 8, 20)",Abel 4x4 100k 100,13,12.5,0,1.5625,10.9375
"(8, 8, 20)",Abel 8x8 10k 1k,13,6.25,0,1.5625,4.6875
"(8, 8, 20)",Kane + MCTS,13,4.6875,0,1.5625,3.125
"(8, 8, 20)",Abel 16x16 2000 10k,14,3.125,0,1.5625,1.5625
"(8, 8, 20)",Abel 16x16 750 100k,14,6.25,0,1.5625,4.6875
"(8, 8, 20)",Abel 4x4 100k 100,14,9.375,0,1.5625,7.8125
"(8, 8, 20)",Abel 8x8 10k 1k,14,6.25,0,1.5625,4.6875
"(8, 8, 20)",Kane + MCTS,14,4.6875,0,1.5625,3.125
"(8, 8, 20)",Abel 16x16 2000 10k,15,12.5,0,1.5625,10.9375
"(8, 8, 20)",Abel 16x16 750 100k,15,7.8125,0,1.5625,6.25
"(8, 8, 20)",Abel 4x4 100k 100,15,26.5625,0,1.5625,25.0
"(8, 8, 20)",Abel 8x8 10k 1k,15,17.1875,0,1.5625,15.625
"(8, 8, 20)",Kane + MCTS,15,4.6875,0,1.5625,3.125
"(8, 8, 20)",Abel 16x16 2000 10k,16,7.8125,0,1.5625,6.25
"(8, 8, 20)",Abel 16x16 750 100k,16,3.125,0,1.5625,1.5625
"(8, 8, 20)",Abel 4x4 100k 100,16,10.9375,0,1.5625,9.375
"(8, 8, 20)",Abel 8x8 10k 1k,16,7.8125,0,1.5625,6.25
"(8, 8, 20)",Kane + MCTS,16,3.125,0,1.5625,1.5625
"(8, 8, 20)",Abel 16x16 2000 10k,17,9.375,0,1.5625,7.8125
"(8, 8, 20)",Abel 16x16 750 100k,17,7.8125,0,1.5625,6.25
"(8, 8, 20)",Abel 4x4 100k 100,17,17.1875,0,1.5625,15.625
"(8, 8, 20)",Abel 8x8 10k 1k,17,6.25,0,1.5625,4.6875
"(8, 8, 20)",Kane + MCTS,17,4.6875,0,1.5625,3.125
"(8, 8, 20)",Abel 16x16 2000 10k,18,3.125,0,1.5625,1.5625
"(8, 8, 20)",Abel 16x16 750 100k,18,15.625,0,1.5625,14.0625
"(8, 8, 20)",Abel 4x4 100k 100,18,79.6875,0,1.5625,78.125
"(8, 8, 20)",Abel 8x8 10k 1k,18,79.6875,0,1.5625,78.125
"(8, 8, 20)",Kane + MCTS,18,78.125,1,1.5625,76.5625
"(8, 8, 20)",Abel 16x16 2000 10k,19,3.125,0,1.5625,1.5625
"(8, 8, 20)",Abel 16x16 750 100k,19,14.0625,0,1.5625,12.5
"(8, 8, 20)",Abel 4x4 100k 100,19,29.6875,0,1.5625,28.125
"(8, 8, 20)",Abel 8x8 10k 1k,19,18.75,0,1.5625,17.1875
"(8, 8, 20)",Kane + MCTS,19,17.1875,0,1.5625,15.625
"(8, 8, 20)",Abel 16x16 2000 10k,20,6.25,0,1.5625,4.6875
"(8, 8, 20)",Abel 16x16 750 100k,20,10.9375,0,1.5625,9.375
"(8, 8, 20)",Abel 4x4 100k 100,20,10.9375,0,1.5625,9.375
"(8, 8, 20)",Abel 8x8 10k 1k,20,9.375,0,1.5625,7.8125
"(8, 8, 20)",Kane + MCTS,20,3.125,0,1.5625,1.5625
